Province,District,Recency District,Facility,DATIM Site Name,DATIM Org ID,Facility ID
Bulawayo,Emakandeni,Bulawayo,Emakhandeni Clinic,Emakhandeni - 100443 - Clinic,cIHo19pHPnw,ZW090A01
Bulawayo,Nkulumane,Bulawayo,Tshabalala Clinic,Tshabalala - 101710 - Clinic,AU3HqiX44Iu,ZW090A02
Bulawayo,Northern Surbubs,Bulawayo,EF Watson Clinic,E.F. Watson - 100429 - Clinic,oZk9I1XeSu9,ZW090A03
Bulawayo,Northern Surbubs,Bulawayo,Entumbane Clinic,Entumbane - 100449 - Clinic,KIAW84qSifO,ZW090A04
Bulawayo,Northern Surbubs,Bulawayo,Khami Road Clinic,Khami - 100733 - Clinic,HTOW8SwHLtO,ZW090A05
Bulawayo,Emakandeni,Bulawayo,Luveve Clinic,Luveve - 100786 - Clinic,Sss3M30PqRD,ZW090A06
Bulawayo,Emakandeni,Bulawayo,Magwegwe Clinic,Magwegwe - 100824 - Clinic,FEdl2EBiTBV,ZW090A07
Bulawayo,Northern Surbubs,Bulawayo,Mzilikazi Clinic,Mzilikazi - 101202 - Clinic,LzPod6UX2mA,ZW090A08
Bulawayo,Emakandeni,Bulawayo,Njube Clinic,Njube - 101273 - Clinic,UCKxgQFp862,ZW090A09
Bulawayo,Northern Surbubs,Bulawayo,Thorngrove Infectious Diseases Hospital,Thorngrove - 101685 - Clinic,I1dsyC5hnKJ,ZW090A0E
Bulawayo,Nkulumane,Bulawayo,Nkulumane Clinic,Nkulumane - 101278 - Clinic,Sv1eXLkWUya,ZW090A10
Bulawayo,Nkulumane,Bulawayo,Pelandaba Clinic,Pelandaba - 101412 - Clinic,OnysnioygHR,ZW090A11
Bulawayo,Northern Surbubs,Bulawayo,Princess Margaret Clinic,Princess Margaret - 101429 - Clinic,sTQ6BFy94pp,ZW090A12
Bulawayo,Emakandeni,Bulawayo,Pumula Clinic,Pumula - 101432 - Clinic,bTFUZdQpl2O,ZW090A13
Bulawayo,Nkulumane,Bulawayo,Dr Shennan Clinic,Dr. Shennan - 100418 - Clinic,gs4v5i69tux,ZW090A14
Bulawayo,Nkulumane,Bulawayo,Nketa Clinic,Nketa - 101276 - Clinic,gpJEjabIuP7,ZW090A17
Bulawayo,Northern Surbubs,Bulawayo,Northern Suburbs Clinic,Northern Suburbs - 101290 - Clinic,en6HLtwW3sN,ZW090A18
Bulawayo,Emakandeni,Bulawayo,Cowdray Park Clinic,Cowdray Park - 100348 - Clinic,AQUWX00pVHC,ZW090A27
Bulawayo,Nkulumane,Bulawayo,Maqhawe Clinic,Maqhawe - 100893 - Clinic,ikrpWZKIaxV,ZW090A33
Bulawayo,Emakandeni,Bulawayo,Pumula South Clinic,Pumula South - 101434 - Clinic,zhkFyAbgMc2,ZW090A35
Bulawayo,Northern Surbubs,Bulawayo,Ceshhar Clinic,Ceshhar Clinic,Bnxui2aaMdQ,ZW090A49
Bulawayo,Northern Surbubs,Bulawayo,Emgwaninini,,ZW090A65,ZW090A65
Bulawayo,Northern Surbubs,Bulawayo,Mahatshula Private Clinic,Mahatshula Private Clinic,ZW010347,ZW090A66
Harare,ha North Western District,Harare,ha Avondale Clinic,Avondale - 100030 - Clinic,XY1ZmfDOMmZ,ZW000A01
Harare,ha Harare Central South Eastern District,Harare,ha Arcadia Clinic,Arcadia - 100015 - Clinic,xF2C4VhTlZh,ZW000A02
Harare,ha North Western District,Harare,Belvedere Poly clinic,Belvedere - 100055 - Poly clinic,M7zzw7p5tFf,ZW000A05
Harare,ha Northern District,Harare,ha Borrowdale Clinic,Borrowdale - 100086 - Clinic,OTxAHTpF4h8,ZW000A07
Harare,ha Harare Central South Eastern District,Harare,ha Braeside FHS Clinic,Braeside - 100091 - Clinic,d46RVdpyvCT,ZW000A08
Harare,ha West South West District,Harare,ha Budiriro PolyClinic,Budiriro - 100098 - Poly Clinic,xYSGGiMshib,ZW000A09
Harare,ha Western District,Harare,Beatrice Road Infectious Diseases Hosp,Beatrice Infectious - 100050 - Hospital,mn3hlUZz8Hy,ZW000A0C
Harare,ha Western District,Harare,Wilkins Infectious Disease Hospital,Wilkins Infectious Disease Hospital - 101775 - Infectious Disease Hospital,HRaxyjNZcaJ,ZW000A0D
Harare,ha Southern District,Harare,ha Mashambanzou Care Trust Hospital ,Mashambanzou Care Trust Hospital,v0iHXEbCcQ2,ZW000A0Z
Harare,ha Eastern District,Harare,ha Eastley FHS Clinic,Eastly - 100433 - Clinic,JCa4cIM0RG8,ZW000A10
Harare,ha South Western District,Harare,ha Glen Norah Satellite Clinic,Glen Norah - 100506 - Satellite clinic,DJjkezUgUFu,ZW000A11
Harare,ha West South West District,Harare,ha Mufakose FHS,Mufakose FHS,ZW000A114,ZW000A114
Harare,ha West South West District,Harare,ha Glen View PolyClinic,Glen View - 100507 - Poly clinic,ja1btrIkyqi,ZW000A13
Harare,ha West South West District,Harare,ha Glen View Satellite Clinic,Glen View - 100508 - Satellite clinic,eduFmnFLTUs,ZW000A14
Harare,ha Eastern District,Harare,ha Greendale FHS Clinic,Greendale - 100535 - Clinic,PkocfPqfGu8,ZW000A15
Harare,ha Northern District,Harare,ha Hatcliffe PolyClinic,Hatcliffe - 100584 - Poly clinic,XS02URbnDnM,ZW000A17
Harare,ha South Western District,Harare,ha Highfield PolyClinic,Highfield - 100593 - Poly Clinic,t4lPPMcgk0s,ZW000A18
Harare,ha Western District,Harare,ha Kambuzuma PolyClinic,Kambuzuma - 100695 - Poly clinic,IcMRUqrfO0g,ZW000A19
Harare,ha Western District,Harare,ha Kuwadzana PolyClinic,Kuwadzana - 100751 - Poly Clinic,mgvYC5iaGlA,ZW000A20
Harare,ha North Western District,Harare,ha Mabelreign Satellite Clinic,Mabelreign - 100791 - satellite clinic,GiKSrbGbNAC,ZW000A21
Harare,ha Eastern District,Harare,ha Mabvuku PolyClinic,Mabvuku - 100797 - Poly Clinic,sntNZ6rKWvX,ZW000A23
Harare,ha Southern District,Harare,ha Matapi Clinic,Matapi - 100944 - Clinic,exKZ5IdVQyh,ZW000A25
Harare,ha Southern District,Harare,ha Mbare Hostels Clinic,Mbare Hostels - 100988 - Clinic,NPoi0Ng8a6c,ZW000A26
Harare,ha Southern District,Harare,ha Cceshar Clinic,Cceshar Clinic,cnmWmKfu0St,ZW000A2601
Harare,ha Southern District,Harare,ha Mbare PolyClinic,Mbare - 100987 - Poly clinic,AzZ3WumAYih,ZW000A27
Harare,ha Northern District,Harare,ha Mount Pleasant Clinic,Mt. Pleasant - 101062 - Clinic,wxMqwERkFUm,ZW000A28
Harare,ha West South West District,Harare,ha Mufakose PolyClinic,Mufakose - 101085 - Poly clinic,fhbHedZcFX3,ZW000A29
Harare,ha Harare Central South Eastern District,Harare,ha Parirenyatwa Clinic,Parirenyatwa Clinic,XegPY4kjPBc,ZW000A30
Harare,ha North Western District,Harare,ha Rujeko PolyClinic,Rujeko - 101469 - Poly clinic,pm1bccUnuIo,ZW000A33
Harare,ha South Western District,Harare,ha Rutsanana PolyClinic,Rutsanana - 101491 - Clinic,WDf2wSPeJPp,ZW000A34
Harare,ha South Western District,Harare,ha Southerton Clinic,Southerton - 101619 - Clinic,g8BfFOI44ii,ZW000A35
Harare,ha Southern District,Harare,ha Sunningdale Clinic,Sunningdale - 101657 - Satellite Clinic,Vr63gV2X6vv,ZW000A37
Harare,ha Eastern District,Harare,ha Tafara FHS Clinic,Tafara - 101669 - Clinic,eScYy7KYs2U,ZW000A38
Harare,ha Western District,Harare,ha Warren Park PolyClinic,Warren Park - 101760 - Poly clinic,sA086jVRd7Z,ZW000A39
Harare,ha Southern District,Harare,ha Waterfalls Clinic,Waterfalls - 101761 - Clinic,YsapFO7P1Qn,ZW000A41
Harare,ha South Western District,Harare,Western Triangle Clinic,Western Triangle - 101773 - Clinic,AvzEH5UhMeW,ZW000A42
Harare,ha Harare Central South Eastern District,Harare,ha Hatfield Clinic,Hatfield - 100585 - Clinic,cHDIcWqWkBu,ZW000A44
Harare,ha North Western District,Harare,ha Marlborough Satellite Clinic,Malborough - 100860 - Council Clinic,yUbJDbhL4cI,ZW000A45
Harare,ha Eastern District,Harare,ha Highlands Primary Care Clinic,Highlands - 100595 - Private Clinic,P2FWzBdox8O,ZW000A46
Harare,ha Eastern District,Harare,ha Mabvuku Satellite,Mabvuku - 100796 - Clinic,zENFk5xSzeW,ZW000A47
Harare,ha Northern District,Harare,ha Highlands FHS Clinic,Highlands - 100596 - Clinic,ASj7bwCPpfG,ZW000A52
Harare,ha Southern District,Harare,ha Hopley Clinic,Hopley - 100608 - Clinic,oRwZ75p6Z00,ZW000A53
Harare,Harare,Harare,Kuwadzana Satelite Clinic,Kuwadzana - 100020- Satelite clinic,AFJhfhk8nbn,ZW000A68
Harare,ha West South West District,Harare,ha Budiriro Satellite Clinic,Budiriro - 101889 - Satelite Clinic,XVardljEe1B,ZW000A69
Harare,Chitungwiza,Harare,Seke South Clinic,Seke South - 101534 - Clinic,cswicu2amtm,ZW000B01
Harare,Chitungwiza,Harare,Seke North Clinic,Seke North - 101533 - Clinic,xjDifmwK0wG,ZW000B02
Harare,Chitungwiza,Harare,St Mary's Clinic,Mt. St Mary's - 101063 - Mission Hospital,e4XyXFEL7Rj,ZW000B03
Harare,Chitungwiza,Harare,Zengeza Clinic,Zengeza Clinic - 100305 - Council Clinic,dgPACqSJZIT,ZW000B04
Harare,Harare,Harare,Gazaland Comm Post,,ZW010347,ZW010347
Manicaland,Buhera,Buhera,Betera,Betera - 100063 - Rural Health Centre,hcUbMLN50UW,ZW010102
Manicaland,Buhera,Buhera,Madzimbashuro,Madzimbashuro - 100810 - Rural Health Centre,snbgbGRWH3K,ZW010103
Manicaland,Buhera,Buhera,Mombeyarara,Mombeyarara - 101032 - Rural Health Centre,GRnO7AgEsEI,ZW010104
Manicaland,Buhera,Buhera,Buhera Rural Clinic,Buhera - 100099 - Rural Hospital,FRb74ACeEZB,ZW01010A
Manicaland,Buhera,Buhera,Birchenough,Birchenough - 100075 - Rural Hospital,ExkPrlU2JL0,ZW01010B
Manicaland,Buhera,Buhera,Murambinda,Murambinda - 101124 - District Hospital,IfQGMZN0HcM,ZW01010C
Manicaland,Buhera,Buhera,Nyashanu,Nyashanu - 101375 - Rural Hospital,O3Eqk96OQ4D,ZW01010D
Manicaland,Buhera,Buhera,Garamwera,Garamwera - 100489 - Clinic,g9SCxKLS1Rl,ZW010118
Manicaland,Buhera,Buhera,Munyanyi Clinic,Munyanyi - 101110 - Clinic,WKyg79FMK1g,ZW010119
Manicaland,Buhera,Buhera,Mudanda,Mudanda - 101081 - Clinic,e0BxlFLWuKQ,ZW010124
Manicaland,Buhera,Buhera,Bangure,Bangure - 100043 - Clinic,fSJy9rjmBSB,ZW010125
Manicaland,Buhera,Buhera,Chapanduka,Chapanduka - 100134 - Clinic,Di7OHhpjIr2,ZW010127
Manicaland,Buhera,Buhera,Chapwanya,Chapwanya - 100136 - Clinic,XWTWzUKR92m,ZW010128
Manicaland,Buhera,Buhera,Chiweshe,Chiweshe - 100324 - Clinic,JXKy9DJE3gm,ZW010131
Manicaland,Buhera,Buhera,Mutepfe,Mutepfe - 101174 - Clinic,BDEmqp90JTA,ZW010134
Manicaland,Buhera,Buhera,Mutiusinazita,Mutiusinazita - 101179 - Clinic,RZQzoM8gIgm,ZW010135
Manicaland,Buhera,Buhera,Muzokomba,Muzokomba - 101190 - Clinic,jFqSHbG59uf,ZW010136
Manicaland,Buhera,Buhera,Nerutanga,Nerutanga - 101231 - Clinic,XXkxbdoBx3n,ZW010137
Manicaland,Chipinge,Chipinge,Chinyamukwakwa Rural Health Centre,Chinyamukwaka - 100240 - Clinic,XPMMDcY8BuB,ZW010303
Manicaland,Chipinge,Chipinge,Chipinge District Hospital,Chipinge - 100256 - District Hospital,qjwyEub0gWL,ZW01030A
Manicaland,Chipinge,Chipinge,Chikore Mission Hospital,Chikore - 100191 - Mission Hospital,nnTF3x2k1Nj,ZW01030B
Manicaland,Chipinge,Chipinge,Mount Selinda Mission Hospital,Mt. Selinda - 101065 - Mission Hospital,nlmsitPL9Iu,ZW01030C
Manicaland,Chipinge,Chipinge,St Peters Hospital,St. Peters - 101648 - Mission Hospital,uj8ctjqnN8U,ZW01030D
Manicaland,Chipinge,Chipinge,Paidamoyo Rural Health Centre,Paidamoyo - 101402 - Clinic,JrkEzV0EXrw,ZW010312
Manicaland,Chipinge,Chipinge,Changazi clinic,Changazi clinic,RnXQpW4if0z,ZW010319
Manicaland,Chipinge,Chipinge,Chibuwe Clinic,Chibuwe - 100167 - Clinic,q8w6UsNPbMG,ZW010325
Manicaland,Chipinge,Chipinge,Kondo Clinic,Kondo - 100735 - Clinic,E5TbMMc7bA3,ZW010328
Manicaland,Chipinge,Chipinge,Madhuku Clinic,Madhuka - 100805 - Rural Health Centre,xvTQ8nB5Mvj,ZW010329
Manicaland,Chipinge,Chipinge,Mutema Clinic,Mutema - 101171 - Clinic,y2zdUiQO4He,ZW010333
Manicaland,Chipinge,Chipinge,Rimbi Clinic,Rimbi - 101451 - Clinic,IAxIHwuKmli,ZW010335
Manicaland,Chipinge,Chipinge,Veneka Clinic,Vheneka - 101737 - Clinic,nNmjZD0Xkbi,ZW010336
Manicaland,Chipinge,Chipinge,Zamuchiya Clinic,Zamchiya - 101779 - Clinic,IfKqyKB6VCQ,ZW010337
Manicaland,Chipinge,Chipinge,Junction Gate Clinic,Junction Gate - 100676 - Clinic,keLg1H27wuQ,ZW010348
Manicaland,Chipinge,Chipinge,Chipinge Town Clinic,Chipinge Town - 100257 - Clinic,Z3mLXNOy7eM,ZW010349
Manicaland,Chipinge,Chipinge,Clearwater Clinic,Clear Water - 100341 - Clinic,hLbmGUUNsKW,ZW010362
Manicaland,Chipinge,Chipinge,Gwenzi Clinic,Gwenzi - 100570 - Clinic,cQ6zS5sLoW0,ZW010390
Manicaland,Makoni,Makoni,Chinhenga Rural Health Centre,Chinhenga - 100231 - Rural Health Centre,RWivvGgnk5S,ZW010403
Manicaland,Makoni,Makoni,Chinyudze Rural Health Centre,Chinyudze - 100245 - Rural Health Centre,Txi298JjnJB,ZW010406
Manicaland,Makoni,Makoni,Weya Rural Hospital,Weya - 101774 - Rural Hospital,nrMK5a1kkjl,ZW01040B
Manicaland,Makoni,Makoni,Makoni Rural Hospital,Makoni - 100849 - Rural Hospital,uWhfHwNDemw,ZW01040C
Manicaland,Makoni,Makoni,Nedewedzo Rural Hospital,Nedevedzo - 101216 - Rural Hospital,BTZXAPMERV4,ZW01040D
Manicaland,Makoni,Makoni,St Michael's Tanda Mission Hospital,St. Michael's - 101635 - Mission Hospital,ldxZ72IIbir,ZW01040E
Manicaland,Makoni,Makoni,St Therese's Mission Hospital,St. Theresa - 101640 - Mission Hospital,X8eNcHrqP3q,ZW01040F
Manicaland,Makoni,Makoni,Katsenga Rural Health Centre,Katsenga - 100723 - Rural Health Centre,ciscgPAvSgq,ZW010410
Manicaland,Makoni,Makoni,Masvosva Rural Health Centre,Masvosva - 100941 - Rural Health Centre,gmCfw2czWHi,ZW010412
Manicaland,Makoni,Makoni,Nyahukwe Rural Health Centre,Nyahukwe - 101319 - Rural Health Centre,T663SER6C7W,ZW010419
Manicaland,Makoni,Makoni,Nyazura Clinic,Nyazura -101854- Clinic,wHqZbOi222z,ZW010427
Manicaland,Makoni,Makoni,Matsika Clinic,Matsika - 100962 - Clinic,z3QmTgqAP04,ZW010430
Manicaland,Makoni,Makoni,Nyamidzi Clinic,Nyamidzi - 101350 - Clinic,onNuwP6Pfw4,ZW010431
Manicaland,Makoni,Makoni,Rukweza Clinic,Rukweza - 101471 - Clinic,eqUVN5CpzeZ,ZW010433
Manicaland,Makoni,Makoni,Tandi Clinic,Tandi - 101678 - Clinic,QHVCAkeXCog,ZW010434
Manicaland,Makoni,Makoni,Toriro Clinic,Tariro - 101680 - Clinic,SISBOCPkjkv,ZW010435
Manicaland,Makoni,Makoni,Tsanzaguru Clinic,Tsanzaguru - 101709 - Clinic,avJBKspv9hU,ZW010436
Manicaland,Makoni,Makoni,Maurice Nyagumbo Clinic,Maurice Nyagumbo - 100965 - Clinic,hcyuAxmkOqu,ZW010438
Manicaland,Makoni,Makoni,Mufusire Clinic,Mufusire - 101087 - Clinic,OEmeKmvagQm,ZW010439
Manicaland,Makoni,Makoni,Headlands Clinic,Headlands - 100587 - Clinic,pcXd2hwfzZV,ZW010440
Manicaland,Makoni,Makoni,Mubvurungwa Clinic,Mubvurungwa - 101075 - Clinic,D7ozNJrRYT5,ZW010441
Manicaland,Makoni,Makoni,Vengere Clinic,Vengere - 101733 - Clinic,bkpJdhMUWKf,ZW010442
Manicaland,Makoni,Makoni,Sangano Clinic,Sangano - 101523 - Clinic,YXs6Sw0yceC,ZW010447
Manicaland,Makoni,Makoni,Nyazura Mission Clinic,Nyazura - 101381 - Mission Clinic,VKhKIdCsAHA,ZW010491
Manicaland,Makoni,Makoni,Arnoldine Mission Clinic,Anorldine - 100012 - Clinic,ZP6AUxsoZDz,ZW010492
Manicaland,Mutare,Mutare,Bwizi Rural Health Centre,Bwizi - 100113 - Clinic,KwpBAMKX07m,ZW010501
Manicaland,Mutare,Mutare,Chiadzwa Rural Health Centre,Chiadzwa - 100163 - Rural Health Centre,eN6ckU5zhfE,ZW010502
Manicaland,Mutare,Mutare,Mavhiza Clinic,Mavhiza - 100966 - Clinic,arab3YkysoL,ZW010503
Manicaland,Mutare,Mutare,Gwindingwi ,Gwindingwi - 100574 - Rural Health Centre,X7Tj1WoSu8a,ZW010505
Manicaland,Mutare,Mutare,Muromo Rural Health Centre,Muromo - 101134 - Rural Health Centre,JS42B8mFEYI,ZW010506
Manicaland,Mutare,Mutare,St Werburghs Clinic,St Werburghs Clinic,gQkKPzF53yK,ZW010507
Manicaland,Mutare,Mutare,Chiwere Clinic,Chiwere - 100323 - Rural Health Centre,h22FuA9Lid3,ZW010508
Manicaland,Mutare,Mutare,Mount Zuma Clinic,Mt. Zuma - 101064 - Rural Health Centre,L1KD15RCB3o,ZW010509
Manicaland,Mutare,Mutare,Sakubva District Hospital,Sakubva - 101510 - District Hospital,IVF9iD8sboV,ZW01050C
Manicaland,Mutare,Mutare,Marange Rural Hospital,Marange - 100896 - Rural Hospital,Yb75x5mU1gC,ZW01050E
Manicaland,Mutare,Mutare,St Andrew's Mission Hospital,St. Andrew's - 101624 - Mission Hospital,RXChmJ29yIG,ZW01050F
Manicaland,Mutare,Mutare,St Josephs Mission Hospital,St Joseph's Mission Hospital,tYA7jF9AfGD,ZW01050G
Manicaland,Mutare,Mutare,Munyarari Clinic,Munyarari - 101112 - Clinic,LLYfRU87KVr,ZW010510
Manicaland,Mutare,Mutare,Nyagundi Clinic,Nyagundi - 101314 - Rural Health Centre,BtCysCBfnDp,ZW010511
Manicaland,Mutare,Mutare,Nyamazura Rural Health Centre,Nyamazura - 101342 - Rural Health Centre,Aw9meXkMQYK,ZW010512
Manicaland,Mutare,Mutare,Zvipiripiri Rural Health Centre,Zvipiripiri - 101828 - Clinic,icwINxeOGNY,ZW010513
Manicaland,Mutare,Mutare,Bvumba,Bvumba - 100111 - Private Clinic,U7lWpjEY6EC,ZW010515
Manicaland,Mutare,Mutare,Chitora Clinic,Chitora - 100296 - Clinic,wXnCifW3qRh,ZW010518
Manicaland,Mutare,Mutare,Matanda Clinic,Matanda - 100943 - Rural Health Centre,RrRf8znKPaf,ZW010520
Manicaland,Mutare,Mutare,Leekuil Takunda Clinic,Lee Kul - 100765 - Clinic,s4fE8Jt1g4L,ZW010521
Manicaland,Mutare,Mutare,Bakorenhema,Bakorenhema - 100036 - Clinic,pE1MgQBvhP2,ZW010525
Manicaland,Mutare,Mutare,Bezely Bridge Clinic,Berzerly Bridge - 100062 - Clinic,HQbYgzkaUjw,ZW010526
Manicaland,Mutare,Mutare,Chipfatsura,Chipfatsura - 100252 - Clinic,sySIljgDD4k,ZW010527
Manicaland,Mutare,Mutare,Chitakatira Clinic,Chitakatira - 100285 - Clinic,RyINk05jngO,ZW010529
Manicaland,Mutare,Mutare,Mambwere Clinic,Mambwere - 100865 - Clinic,PMjhk9KezDp,ZW010530
Manicaland,Mutare,Mutare,Masasi Clinic,Masasi - 100919 - Clinic,QMHTxq1jwsv,ZW010531
Manicaland,Mutare,Mutare,Mkwada Clinic,Mukwada - 101103 - Clinic,cAEJQYoN26N,ZW010533
Manicaland,Mutare,Mutare,Chitaka,Chitaka - 100284 - Clinic,AsdXd0AoGXL,ZW010534
Manicaland,Mutare,Mutare,Mushunje Clinic,Mushunje - 101149 - Clinic,nFJhU0rVPlH,ZW010535
Manicaland,Mutare,Mutare,Nzvenga Clinic,Nzvenga - 101390 - Clinic,gzDYRQZm5rr,ZW010536
Manicaland,Mutare,Mutare,Rowa Clinic,Rowa - 101461 - Clinic,mMyO9i8yO9f,ZW010537
Manicaland,Mutare,Mutare,Odzi Clinic,Odzi - 101395 - Rural Hospital,FTXaJPvQwkN,ZW010538
Manicaland,Mutare,Mutare,Zimunya Clinic,Zimunya - 101805 - Clinic,s5QteHELIvJ,ZW010539
Manicaland,Mutare,Mutare,Zumbare Clinic,Zumbare - 101818 - Clinic,rotRV33ogHc,ZW010540
Manicaland,Mutare,Mutare,Dora Clinic,Dora - 100411 - Clinic,OdVIpeFRpxI,ZW010541
Manicaland,Mutare,Mutare,Chishingwi Clinic,Chishingwi - 100279 - Clinic,CzT0kz8uz7m,ZW010543
Manicaland,Mutare,Mutare,Chipendeke Clinic,Chipendeke - 100251 - Rural Health Centre,gukxzjQHdEA,ZW010544
Manicaland,Mutare,Mutare,Burma Valley Clinic,Burma Valley - 100103 - Clinic,QBQZTIv1lrz,ZW010545
Manicaland,MutareCity,Mutare,Hobhouse Clinic,Hob House - 100601 - Clinic,zUEyrYaMPsk,ZW010560
Manicaland,MutareCity,Mutare,MutareCity Health Clinic,Mutare- 101166 - Council Clinic,nZbNmPInhOV,ZW010561
Manicaland,MutareCity,Mutare,Chikanga Clinic,Chikanga - 100182 - Clinic,Tj9XAHdTx71,ZW010562
Manicaland,MutareCity,Mutare,Dangamvura Clinic,Dangamvura - 100366 - Clinic,cr9XgOrqJwk,ZW010563
Manicaland,MutareCity,Mutare,Sakubva Clinic,Sakubva Clinic,JmuNo1m3we4,ZW010564
Manicaland,MutareCity,Mutare,Florida Clinic,Florida - 100472 - Clinic,GmBfBIZu0RH,ZW010565
Manicaland,MutareCity,Mutare,Fern Valley Clinic,Fernvalley - 100466 - Clinic,OcGPckc3QEu,ZW010566
Manicaland,Mutare,Mutare,Forbes Boarder Clinic,Forbes Boarder Clinic,usnQnNvOVYO,ZW010569
Manicaland,Mutare,Mutare,Chikwariro Clinic,Chikwariro - 100201 - Mission Hospital,Ju7yjwNpnZc,ZW010591
Manicaland,Mutasa,Mutasa,Tsonzo Rural Hospital,Tsonzo - 101714 - Rural Hospital,xBQLT1WFHR7,ZW01060A
Manicaland,Mutasa,Mutasa,Bonda Mission Hospital,Bonda - 100081 - Mission Hospital,RKN9HasIGRw,ZW01060B
Manicaland,Mutasa,Mutasa,Old MutareMission Hospital,Old Mutare- 101397 - Mission Hospital,PscJCWrhzka,ZW01060C
Manicaland,Mutasa,Mutasa,Hauna District Hospital,Hauna - 100586 - District Hospital,ivSpKPosBuc,ZW01060F
Manicaland,Mutasa,Mutasa,Hauna Clinic,Hauna - 101855 - Clinic,S9ItwIxzitL,ZW010627
Manicaland,Mutasa,Mutasa,Zindi Clinic,Zindi - 101807 - Clinic,xRiIyDXPWV5,ZW010635
Manicaland,Mutasa,Mutasa,St Augustine's Clinic,St. Augustine's - 101627 - Mission Clinic,B6T4mymKXpD,ZW010693
Mash West,Chegutu,Chegutu,Mbyuanehanda Rural Health Centre,Mbuyanehanda - 100999 - Rural Health Centre,k7NVgERevcu,ZW040103
Mash West,Chegutu,Chegutu,Shamrock Clinic,Shamrock - 101551 - Clinic (Not Yet Open),JwlkJyJlJml,ZW040107
Mash West,Chegutu,Chegutu,Tasunungurwa Clinic,Tasunungurwa Clinic,kRqptVf5Ltn,ZW040108
Mash West,Chegutu,Chegutu,Mupfure Clinic,Mupfure Clinic,ZfZxhMeEclI,ZW040109
Mash West,Chegutu,Chegutu,Chikara Clinic,Chikara - 100185 - Council Clinic,RVYnJsBSZmq,ZW040125
Mash West,Chegutu,Chegutu,Rwizi Clinic,Rwizi - 101499 - Council Clinic,Migf18JdenY,ZW040129
Mash West,Chegutu,Chegutu,Dombwe Clinic,Dombwe - 100403 - Clinic,y1o5Gm53ye5,ZW040146
Mash West,Chegutu,Chegutu,Sandringham Clinic,Sandringham - 101522 - Mission Clinic,Bn9NTXkQnQd,ZW040148
Mash West,Chegutu,Chegutu,Zimbabwe Mining Development Corporation Clinic,Zimbabwe Mining Development Corporation Clinic,NxcJJW9DTyv,ZW040176
Mash West,Chegutu,Chegutu,Homedale Clinic,Homedale - 100605 - Clinic,OqAMtX2JCN2,ZW040178
Mash West,Chegutu,Chegutu,Mafuti Clinic,Mafuti - 100819 - Clinic,muDJAiQ8Ap8,ZW040179
Mash West,Chegutu,Chegutu,Presbyterian Clinic,Presbyterian - 101428 - Clinic,wdwTQO6EGPW,ZW040185
Mash West,Hurungwe,Hurungwe,Chirundu Rural Health Centre,Chirundu - 100275 - Clinic,xgDkjMab2vS,ZW040201
Mash West,Hurungwe,Hurungwe,Chibara Clinic,Chibara - 100164 - Clinic,Xd4a7sESJGm,ZW040208
Mash West,Hurungwe,Hurungwe,Makuti Rural Health Centre,Makuti - 100856 - Clinic,BXe2ZvJYQGz,ZW040233
Mash West,Hurungwe,Hurungwe,Mashongwe Clinic,Mashongwe - 100927 - Council Clinic,a1H9jKObOE1,ZW040247
Mash West,Hurungwe,Hurungwe,Lynx Clinic,Lynx - 100788 - Clinic Private Clinic,ASp1TgIA8zi,ZW040275
Mash West,Makonde,Makonde,Kamhonde Rural Health Centre,Kamonde - 100696 - Clinic,yX2lY2FPwYO,ZW040405
Mash West,Makonde,Makonde,Zumbara Rural Health Centre,Zumbara - 101817 - Clinic,Ro85zYALRyz,ZW040408
Mash West,Makonde,Makonde,Godzi RDC Clinic,Godzi - 100510 - Clinic,aioy3H77jLx,ZW040409
Mash West,Makonde,Makonde,Gudubu Rural Health Centre,Gudubu - 100538 - Clinic,LtqzRppR0f9,ZW040412
Mash West,Makonde,Makonde,Hombwe RDC Clinic,Hombwe - 100604 - Clinic,ZmW2BIboGNI,ZW040425
Mash West,Makonde,Makonde,Mukohwe RDC Clinic,Mukohwe - 101096 - Clinic,UVH7HHcS5e4,ZW040426
Mash West,Makonde,Makonde,Obva RDC Clinic,Obva - 101393 - Clinic,xK8yU1HNvE4,ZW040427
Mash West,Makonde,Makonde,Runene RDCClinic,Runene - 101472 - Council Clinic,rpzMXRyqrJX,ZW040433
Mash West,Makonde,Makonde,Matoranjera RDC Clinic,Matorangera - 100959 - Clinic,rJjtWK8iPOW,ZW040447
Mash West,Makonde,Makonde,Shackelton Municipal Clinic,Shackelton Municipal Clinic,eniSVnOl72J,ZW040477
Mash West,Makonde,Makonde,Presbyterian Private Clinic,Presbyterian - 101427 - Clinic,PC5r1PUipWG,ZW040482
Mash West,Makonde,Makonde,Chipfuwamiti Clinic,Chipfuwamiti Clinic,us3vArKUv5J,ZW040491
Mash West,Makonde,Makonde,Kamuzingizi - 101919 - Council Clinic,Kamuzingizi - 101919 - Council Clinic,k99EoqaYwen,ZW040492
Mash West,Makonde,Makonde,Mutala - 101920 - Council Clinic,Mutala - 101920 - Council Clinic,cpphHKWh5cD,ZW040493
Mash West,Makonde,Makonde,Muzari - 101921 - Poly Clinic,Muzari - 101921 - Poly Clinic,rI5uGn9oEHG,ZW040494
Mash West,Makonde,Makonde,Chinhoyi Univ of Tech Clinic,Chinhoyi University Clinic - 100236 - University Clinic,xhjQsi2HnIt,ZW040503
Mash West,Mhondoro,Mhondoro,Bumbe - 100101 - Rural Health Centre,Bumbe - 100101 - Rural Health Centre,KmIY36annAZ,ZW040504
Mash West,Mhondoro,Mhondoro,Manyoni - 100881 - Council Clinic,Manyoni - 100881 - Council Clinic,uJ2HduiQxeK,ZW040505
Mash West,Mhondoro,Mhondoro,Bururu - 100105 - Council Clinic,Bururu - 100105 - Council Clinic,Cjt4DyNcEEI,ZW040517
Mash West,Mhondoro,Mhondoro,Gavhunga - 100496 - Clinic,Gavhunga - 100496 - Clinic,GKhq9nMgfU9,ZW040519
Mash West,Mhondoro,Mhondoro,Mafindifindi - 100818 - Council Clinic,Mafindifindi - 100818 - Council Clinic,neFCRmV8iZJ,ZW040520
Mash West,Mhondoro,Mhondoro,Mukarati - 101092 - Council Clinic,Mukarati - 101092 - Council Clinic,T6RUFUxoPLP,ZW040522
Mash West,Mhondoro,Mhondoro,Cuba RDC Clinic,Cuba RDC Clinic,ljDQKOHpFdV,ZW040527
Mash West,Sanyati,Sanyati,Jompani - 100672 - Rural Health Centre,Jompani - 100672 - Rural Health Centre,oIdo1LMkqbS,ZW040601
Mash West,Sanyati,Sanyati,New Geja - 101235 - Rural Health Centre,New Geja - 101235 - Rural Health Centre,WKefwJWg7kW,ZW040604
Mash West,Sanyati,Sanyati,Nyabango - 101306 - Rural Health Centre,Nyabango - 101306 - Rural Health Centre,hlG0wWOxyrP,ZW040605
Mash West,Sanyati,Sanyati,Nyaonde - 101371 - Rural Health Centre,Nyaonde - 101371 - Rural Health Centre,B7j2gqFqAt0,ZW040607
Mash West,Sanyati,Sanyati,Vere - 101735 - Rural Health Centre,Vere - 101735 - Rural Health Centre,HqZLZbZmU4r,ZW040609
Mash West,Sanyati,Sanyati,Black Movale - 100078 - Clinic,Black Movale - 100078 - Clinic,cCnMsAm1gDY,ZW040620
Mash West,Sanyati,Sanyati,Chirikiti - 100267 - Council Clinic,Chirikiti - 100267 - Council Clinic,zdRJRa8PBvL,ZW040621
Mash West,Sanyati,Sanyati,Muuyu - 101186 - Council Clinic,Muuyu - 101186 - Council Clinic,Bk0ONEIrW2b,ZW040622
Mash West,Sanyati,Sanyati,Chegutu 6 - 100154 - Clinic,Chegutu 6 - 100154 - Clinic,kfRsOHTYdNb,ZW040626
Mash West,Zvimba,Zvimba,Chivhere Rural Health Centre,Chivhere - 100314 - Clinic,NEEMoSMYjkl,ZW040701
Mash West,Zvimba,Zvimba,Gwebi Rural Health Centre,Gwebi - 100568 - Clinic,nvq6i0w1qfR,ZW040702
Mash West,Zvimba,Zvimba,Masiyarwa RDC Clinic,Masiyarwa - 100931 - Council Clinic,p46ydQFsxfx,ZW040725
Mash West,Zvimba,Zvimba,Jari RDC Clinic,Jari - 100655 - Council Clinic,mtoJLmHp5jP,ZW040727
Mash West,Zvimba,Zvimba,Lospen Farming Clinic,Lospen - 100770 - Clinic,yuR56N38Nr1,ZW040735
Mash West,Zvimba,Zvimba,Aryshire Mine Clinic,Ayrshire - 100032 - Council Clinic,HEJAqIFBvHO,ZW040742
Mash West,Zvimba,Zvimba,Zowa RDCClinic,Zowa - 101815 - Council Clinic,ICncDePcpfs,ZW040749
Mash West,Zvimba,Zvimba,Vanad RDC Clinic,Vanad - 101731 - Mine Clinic,VUkNza2W9Ke,ZW040778
Mash West,Zvimba,Zvimba,Kemurara RDC Clinic,Kemurara - 100728 - Rural Health Centre,HpLqndJUr74,ZW040779
Mash West,Zvimba,Zvimba,North Middle Dyke Clinic,North & Middle Dyke - 101289 - Clinic,BcUcVswkQV9,ZW040789
Mash West,Zvimba,Zvimba,Chikeya RDC Clinic,Chikeya RDC Clinic,NrhA1Nka0Xj,ZW040795
Mash West ,Hurungwe,Hurungwe,Nyamhunga,Nyamhunga - 101348 - Council Clinic,Itle0p7dUtu,ZW040229
Mashonaland Central,Guruve,Guruve,mc Shinje Rural Health Centre,Shinje - 101565 - Clinic,XvFeIoEFTeb,ZW010504
Mashonaland Central,Guruve,Guruve,mc Bvochora Rural Health Centre,Bvochora - 100109 - Clinic,H1CIVRR8e4n,ZW020301
Mashonaland Central,Guruve,Guruve,mc Negomo Rural Health Centre,Negomo - 101220 - Clinic,wiytlUmyowe,ZW020305
Mashonaland Central,Guruve,Guruve,mc Nyamhondoro Rural Health Centre,Nyamhondoro - 101347 - Clinic,MbFiYotYxPd,ZW020306
Mashonaland Central,Guruve,Guruve,mc Guruve Centre Rural Health Clinic,Guruve - 100554 - Clinic,m3PHpSk6e5D,ZW020308
Mashonaland Central,Guruve,Guruve,mc Guruve District Hospital,Guruve - 100553 - District Hospital,vHz5VnCPKDo,ZW02030B
Mashonaland Central,Guruve,Guruve,mc Bakasa Clinic,Bakasa - 100035 - Clinic,n8RWoY50Jdi,ZW020326
Mashonaland Central,Guruve,Guruve,mc Bepura Clinic,Bepura - 100058 - Clinic,WfmzrChbLZ1,ZW020327
Mashonaland Central,Guruve,Guruve,mc Chipuriro Clinic,Chipuriro - 100261 - Clinic,ljTll5k1dSz,ZW020329
Mashonaland Central,Guruve,Guruve,mc Kachuta Clinic,Kachuta - 100679 - Clinic,vfT8lkkZDP3,ZW020331
Mashonaland Central,Guruve,Guruve,mc Matsvitsi Clinic,Matsvitsi - 100963 - Clinic,ioI2RDrHeYA,ZW020333
Mashonaland Central,Guruve,Guruve,mc Gota Clinic,Gota - 100527 - Clinic,EG82X64efyb,ZW020334
Mashonaland Central,Guruve,Guruve,mc Nyakapupu Clinic,Nyakapupu - 101322 - Clinic,RZiEZOfYYtO,ZW020339
Mashonaland Central,Guruve,Guruve,mc Ruyamuro Clinic,Ruyamuro - 101497 - Clinic,J8FU6ENnDNO,ZW020343
Mashonaland Central,Guruve,Guruve,mc Birkdale Clinic,Birkdale - 100077 - Rural Health Centre,K8NL6XRIrxZ,ZW020344
Mashonaland Central,Guruve,Guruve,mc Mugarakamwe Clinic,Mugarakamwe - 101088 - Rural Health Centre,TDDKilyABXk,ZW020345
Mashonaland Central,Guruve,Guruve,mc Kemutamba Clinic,Kemutamba - 100729 - Rural Health Centre,IEk6Eq8wiJC,ZW020346
Mashonaland Central,Guruve,Guruve,mc Camsasa Clinic,Kamusasa - 100697 - Clinic,EN9aDhbLX4h,ZW020347
Mashonaland Central,Guruve,Guruve,mc Brandon Clinic,Brandon - 100092 - Clinic,hinUkt7c07g,ZW020348
Mashonaland Central,Guruve,Guruve,mc Nyamupfuta Clinic,Nyamupfuta Clinic,GPVHFSphFZP,ZW020350
Mashonaland Central,Mazowe,Mazowe,CHINEHASHA,Chinehasha - 100224 - Clinic,AbdP0AhLQ0K,ZW020401
Mashonaland Central,Mazowe,Mazowe,NYAKUDYA,Nyakudya - 101324 - Clinic,D6b5mpxVpws,ZW020402
Mashonaland Central,Mazowe,Mazowe,SHUTU,Shutu - 101571 - Clinic,w5SRCyjcVN1,ZW020403
Mashonaland Central,Mazowe,Mazowe,DONJE,Donje - 100409 - Clinic,x9pJIfSTTaY,ZW020406
Mashonaland Central,Mazowe,Mazowe,ARDURA,Ardura - 100025 - Rural Health Centre,MmC3bTl8MQA,ZW020408
Mashonaland Central,Mazowe,Mazowe,CONCESSION,Concession - 100345 - District Hospital,SihUCg36v0Y,ZW02040A
Mashonaland Central,Mazowe,Mazowe,ROSA,Rosa - 101459 - Rural Hospital,UgkN2CKy5vw,ZW02040B
Mashonaland Central,Mazowe,Mazowe,HOWARD,Howard - 100611 - Mission Hospital,zD7ADf9HixR,ZW02040C
Mashonaland Central,Mazowe,Mazowe,MAZ CITRUS,Mazowe Citrus Hosp. - 100981 - Rural Hospital,PuBmgTRc6cO,ZW02040D
Mashonaland Central,Mazowe,Mazowe,MVURWI,Mvurwi - 101192 - Hospital,VLIf5uV4fhB,ZW02040E
Mashonaland Central,Mazowe,Mazowe,DAVAAR,Davaar - 100369 - Clinic,Yg65gRsms6Z,ZW020410
Mashonaland Central,Mazowe,Mazowe,VONABO,Vonabor - 101744 - Clinic,RLoROPMeESW,ZW020411
Mashonaland Central,Mazowe,Mazowe,BARE,Bare - 100046 - Clinic,fqe4Y8QrsNH,ZW020425
Mashonaland Central,Mazowe,Mazowe,JINGAMVURA,Jingamvura - 100664 - Clinic,TGrveoFxJj2,ZW020427
Mashonaland Central,Mazowe,Mazowe,MAKOPE,Makope - 100850 - Clinic,JHROECLEsrH,ZW020428
Mashonaland Central,Mazowe,Mazowe,Christon Bank,Christon Bank - 100332 - Clinic,FOS62YkMuso,ZW020430
Mashonaland Central,Mazowe,Mazowe,NZVIMBO,Nzvimbo - 101391 - Clinic,nwJAtSNTFBZ,ZW020432
Mashonaland Central,Mazowe,Mazowe,BELGOWNIE,Belgone Clinic - 100054 - Clinic,WwnLkxvPhNZ,ZW020445
Mashonaland Central,Mazowe,Mazowe,HOLME EDEN,Holmeden - 100602 - Clinic,nBhXXzVv97q,ZW020446
Mashonaland Central,Mazowe,Mazowe,TSUNGUBVI,Tsungubvi - 101717 - Clinic,ZCCRwjCDbaM,ZW020447
Mashonaland Central,Mazowe,Mazowe,HENDERSON,Henderson Research - 100590 - Clinic,AQIqrtTtCJk,ZW020475
Mashonaland Central,Mazowe,Mazowe,I/DUKE,Iron Duke - 100645 - Clinic,ArQWoi5EBdb,ZW020476
Mashonaland Central,Mazowe,Mazowe,MAZ MINE,Mazowe - 100982 - Mine Clinic,UHEApkHNETl,ZW020477
Mashonaland Central,Mazowe,Mazowe,STORIS,Storis Clinic,m7MrqwB1ZqQ,ZW020478
Mashonaland Central,Mazowe,Mazowe,DAMBO,Dambo - 100361 - Clinic,XoF377WoLf2,ZW020484
Mashonaland Central,Mazowe,Mazowe,FORRESTER,Forrester - 100476 - Clinic,B0qok3j6tWR,ZW020485
Mashonaland Central,Mazowe,Mazowe,MAZ SEC,Mazowe Secondary Clinic,rIRI3UUrG9u,ZW020486
Mashonaland Central,Mazowe,Mazowe,SHOPO,Shopo - 101567 - Clinic,U9Bsddm43lC,ZW020487
Mashonaland Central,Mazowe,Mazowe,SUOGURU,Suoguru Clinic,un5X8B0qP2w,ZW020488
Mashonaland Central,Mazowe,Mazowe,SANDRINGHAM,Sandringham Clinic,WaW7DWsJvpp,ZW020489
Mashonaland Central,Mazowe,Mazowe,HORTA,Horta Clinic,D8mSnH95ECd,ZW020490
Mashonaland Central,Mazowe,Mazowe,CRANHAM,Cranham - 100351 - Clinic,hqCNPGSdIvI,ZW020491
Mashonaland Central,Mt Darwin,Mt Darwin,DOTITO,Dotito - 100416 - Clinic,LcUXPpHZu3n,ZW020501
Mashonaland Central,Mt Darwin,Mt Darwin,KAMUTSENZERE,Kamutsenzere - 100698 - Clinic,FYtb3028m7i,ZW020502
Mashonaland Central,Mt Darwin,Mt Darwin,MUKUMBURA,Mukumbura - 101101 - Clinic,Ylaxp0B4fw0,ZW020503
Mashonaland Central,Mt Darwin,Mt Darwin,NYAMAHOBOGO,Nyamahobobo - 101328 - Clinic,dXCma1MqYIS,ZW020504
Mashonaland Central,Mt Darwin,Mt Darwin,PFUNYANGUWO,Pfunyanguwo - 101414 - Clinic,eoHWqHUmH4z,ZW020505
Mashonaland Central,Mt Darwin,Mt Darwin,TSAKARE,Tsakare - 101708 - Clinic,jWZDHuWQL6K,ZW020506
Mashonaland Central,Mt Darwin,Mt Darwin,MUTUNGAGORE,Mutungagore - 101185 - Clinic,N2c3DJKzPZi,ZW020507
Mashonaland Central,Mt Darwin,Mt Darwin,MUTASA,Mutasa - 101168 - Clinic,YO94lYZNrgL,ZW020508
Mashonaland Central,Mt Darwin,Mt Darwin,CHIBULI,Chibuli-100291- Clinic,DDwUEgfOmvA,ZW020509
Mashonaland Central,Mt Darwin,Mt Darwin,DARWIN HOSPITAL,Mt. Darwin - 101058 - District Hospital,HB7NldDkyx4,ZW02050A
Mashonaland Central,Mt Darwin,Mt Darwin,KARANDA HOSPITAL,Karanda - 100709 - Mission Hospital,zhngjlBBq8a,ZW02050B
Mashonaland Central,Mt Darwin,Mt Darwin,CHAWANDA,Chawanda - 100146 - Clinic,G1nlIWi4Bbv,ZW020525
Mashonaland Central,Mt Darwin,Mt Darwin,KAITANO,Kaitano - 100691 - Clinic,aRgngorjrfa,ZW020526
Mashonaland Central,Mt Darwin,Mt Darwin,NEMBIRE,Nembire - 101226 - Clinic,iZ5hW3G3A2o,ZW020527
Mashonaland Central,Mt Darwin,Mt Darwin,PACHANZA,Pachanza - 101400 - Clinic,jqIsEfJhMfz,ZW020528
Mashonaland Central,Mt Darwin,Mt Darwin,BVEKE,Bveke - 100108 - Clinic (New - Not Yet Open),IZyeGpfJoyJ,ZW020529
Mashonaland Central,Mt Darwin,Mt Darwin,MATOPE,Matope - 100958 - Clinic,Kw1zFMl53yn,ZW020532
Mashonaland Central,Mt Darwin,Mt Darwin,BANDIMBA,Bandimba - 100040 - Rural Health Centre,aUsp0RPHrgn,ZW020533
Mashonaland Central,Mt Darwin,Mt Darwin,CHITSE,Chitse - 100302 - Clinic,ezrtbyWSQiW,ZW020534
Mashonaland Central,Mt Darwin,Mt Darwin,CHITEPO,Chitepo - 100292 - Clinic,iizFNeVVhBs,ZW020535
Mashonaland Central,Mt Darwin,Mt Darwin,MURONGWE,Murongwe Clinic,J6RuoF0hurv,ZW020536
Mashonaland Central,Mt Darwin,Mt Darwin,KANDEYA,Kandeya clinic,yvfEluoF3Bu,ZW020538
Mashonaland Central,Mbire,Mbire,Masoka Clinic,Masoka - 100933 - Clinic,opbhiJq49ON,ZW020801
Mashonaland Central,Mbire,Mbire,Masomo Clinic,Masomo - 100934 - Clinic,JMhCZEU8ORd,ZW020802
Mashonaland Central,Mbire,Mbire,Mushumbi RHC,Mushumbi - 101148 - Clinic,KgEo8UFMjYh,ZW020803
Mashonaland Central,Mbire,Mbire,Chitsungo Mission Hospital,Chitsungo - 100303 - District Hospital,bD6z1vyugsJ,ZW02080B
Mashonaland Central,Mbire,Mbire,Chapoto Clinic,Chapoto - 100135 - Clinic,c4EBHa1fIyB,ZW020820
Mashonaland Central,Mbire,Mbire,Angwa Clinic,Angwa - 100010 - Clinic,KiFPKW2LoT4,ZW020821
Mashonaland Central,Mbire,Mbire,Chikafa Clinic,Chikafa - 100181 - Clinic,taDfBHcDo5L,ZW020830
Mashonaland Central,Mbire,Mbire,Gonono Clinic,Gonono - 100519 - Clinic,no6SbAPoA7s,ZW020831
Mashonaland Central,Mbire,Mbire,Musengezi Clinic,Musengezi Clinic,M4GHS3BEA5l,ZW020832
Mashonaland Central,Mbire,Mbire,Mahuwe Clinic,Mahuwe - 100830 - Clinic,ar7ptby0gUw,ZW020833
Mashonaland Central,Mbire,Mbire,Chirunya Clinic,Chirunya - 100276 - Rural Health Centre,MTFVtgDQ96i,ZW020834
Mashonaland Central,Mbire,Mbire,Nyambudzi Clinic,Nyambudzi - 101343 - Rural Health Centre,sYhGVMgX7PK,ZW020835
Mashonaland Central,Mbire,Mbire,Chidodo Clinic,Chidodo - 100172 - Clinic,rWvbpl1s0VR,ZW020841
Mashonaland East,Goromonzi,Goromonzi,Caledonia Clinic,Caledonia - 100115 - Clinic,fYwjfliQY2j,ZW000A57
Mashonaland East,Goromonzi,Goromonzi,Domboshava Rural Health Centre,Domboshava - 100400 - Clinic,YSrqcKlCQUf,ZW030202
Mashonaland East,Goromonzi,Goromonzi,Mwanza Rural Health Centre,Mwanza - 101195 - Rural Health Centre,VkOjFEfhMcg,ZW030203
Mashonaland East,Goromonzi,Goromonzi,Makumbe District Hospital,Makumbe - 100853 - District Hospital,jAfJAli9ZVn,ZW03020A
Mashonaland East,Goromonzi,Goromonzi,Ruwa Rehab,Ruwa Rehabilitation - 101495 - Hospital,NsK79SSE0GY,ZW03020C
Mashonaland East,Goromonzi,Goromonzi,Chikwaka Rural Hospital,Chikwaka - 100198 - Rural Hospital,il3zin8lfAX,ZW03020D
Mashonaland East,Goromonzi,Goromonzi,Chinamhora Clinic,Chinamhora - 100219 - Clinic,vts8c377DeQ,ZW030225
Mashonaland East,Goromonzi,Goromonzi,Chinyika Clinic,Chinyika - 100242 - Clinic,k8Xcni81ZqV,ZW030226
Mashonaland East,Goromonzi,Goromonzi,Kowoyo Clinic,Kowoyo - 100742 - Clinic,pME5ihuWYf5,ZW030227
Mashonaland East,Goromonzi,Goromonzi,Masikandoro Clinic,Masukandoro - 100936 - Clinic,xfCa24E9UuT,ZW030228
Mashonaland East,Goromonzi,Goromonzi,Bromley Clinic,Bromley - 100093 - Rural Health Centre,PKZ7nK4RQnj,ZW030245
Mashonaland East,Goromonzi,Goromonzi,Henry John Reimer Clinic,John Reimer - 100668 - Clinic,qu3G86fX87g,ZW030247
Mashonaland East,Goromonzi,Goromonzi,Kubatsirana Clinic,Kubatsirana - 100744 - Clinic,ddofD4xrcKS,ZW030248
Mashonaland East,Goromonzi,Goromonzi,Rusike Clinic,Rusike - 101479 - Clinic,CCpDmry9NxC,ZW030249
Mashonaland East,Goromonzi,Goromonzi,St Joseph's Clinic,St. Joseph's - 101631 - Rural Health centre,Kmet2URjvwM,ZW030252
Mashonaland East,Goromonzi,Goromonzi,Ruwa PolyClinic,Ruwa - 101494 - Poly Clinic,egbFP3Ii5TM,ZW030273
Mashonaland East,Goromonzi,Goromonzi,Chabwino Clinic,Chabwino Clinic,x7uSrjLfBIz,ZW030280
Mashonaland East,Goromonzi,Goromonzi,Xanadu,Xanadu Clinic,mE1sxp2Mlzy,ZW030281
Mashonaland East,UMP,UMP,Kafura Rural Health Centre,Kafura - 100688 - Rural Health Centre,jdEFSM3lK1L,ZW030301
Mashonaland East,UMP,UMP,Karimbika Rural Health Centre,Karimbika - 100713 - Rural Health Centre,tK6PvmnXlXx,ZW030302
Mashonaland East,UMP,UMP,Sowa Rural Health Centre,Sowa - 101620 - Rural Health centre,cuSVNGhbKpS,ZW030303
Mashonaland East,UMP,UMP,Marembera Rural Health Centre,Marembera - 100897 - Rural Health Centre,VYh7ERb4cm8,ZW030304
Mashonaland East,UMP,UMP,Mutawatawa District Hospital,Mutawatawa - 101170 - District Hosptal,UrJZsRd5PPS,ZW03030A
Mashonaland East,UMP,UMP,Borera Clinic,Borera - 100084 - Clinic,UmcQPYAl0m4,ZW030325
Mashonaland East,UMP,UMP,Chikuhwa Clinic,Chikuhwa - 100193 - Rural Health Centre,XaZlii1RoeN,ZW030326
Mashonaland East,UMP,UMP,Chipfunde Clinic,Chipfunde - 100253 - Clinic,SDyRVyw5bTp,ZW030327
Mashonaland East,UMP,UMP,Chitimbe Clinic,Chitimbe - 100293 - Clinic,VUCULT4GjUW,ZW030328
Mashonaland East,UMP,UMP,Chitsungo Clinic,Chitsungo - 100304 - Clinic,oIYkbx5fHc7,ZW030329
Mashonaland East,UMP,UMP,Manyika Clinic,Manyika - 100879 - Clinic,TQwkaKG3kHj,ZW030330
Mashonaland East,UMP,UMP,Maramba Clinic,Maramba - 100894 - Clinic,py2bD2jkCI0,ZW030331
Mashonaland East,UMP,UMP,Mashambanhaka Clinic,Mashambanhaka - 100924 - Clinic,tNoou36Gm6h,ZW030332
Mashonaland East,UMP,UMP,Nhakiwa Clinic,Nhakiwa - 101262 - Clinic,YYdg5pabQQ7,ZW030333
Mashonaland East,UMP,UMP,Nyakasoro Clinic,Nyakasoro - 101323 - Clinic,ZBSlEDqH1Qo,ZW030334
Mashonaland East,UMP,UMP,Nyanzou Clinic,Nyanzou - 101370 - Clinic,nNRTd83agCR,ZW030336
Mashonaland East,UMP,UMP,Muskwe Clinic,Muskwe - 101155 - Clinic,jyiZVgDtxFO,ZW030337
Mashonaland East,UMP,UMP,Dewe Council Clinic,Dewe - 100389 - Clinic,nSvEwzl9xRr,ZW030338
Mashonaland East,UMP,UMP,Tsokodeka clinic,Tsokodeka clinic,IDPxxc6H5rJ,ZW030339
Mashonaland East,UMP,UMP,Hombiro Clinic,Hombiro Clinic,Jv9z4R9jYGY,ZW030340
Mashonaland East,UMP,UMP,Dindi Clinic,Dindi - 100392 - Mission Hospital,H4QiZSaiFt1,ZW030391
Mashonaland East,Marondera,Marondera,Border Church Rural Health Centre,Border Church - 100083 - Rural Health Centre,irD497FF3PV,ZW030501
Mashonaland East,Marondera,Marondera,Chimbwanda Rural Health Centre,Chimbwanda - 100212 - Rural Health Centre,RmTXZhMHgQJ,ZW030502
Mashonaland East,Marondera,Marondera,Dimbiti Rural Health Centre,Dimbiti - 100390 - Rural Health Centre,cxkXNo5Bctw,ZW030503
Mashonaland East,Marondera,Marondera,Kushinga Phikhelela Rural Health Centre,Kushinga Phikelela - 100749 - Clinic,f4uKZhvCUTc,ZW030504
Mashonaland East,Marondera,Marondera,Mudzimurema Rural Health Centre,Mudzimuirema - 101084 - Rural Health Centre,d4wPf8dhlPQ,ZW030505
Mashonaland East,Marondera,Marondera,Wenimbi Rural Health Centre,Wenimbe - 101771 - Rural Health Centre,SNzJDnz5e9q,ZW030506
Mashonaland East,Marondera,Marondera,Chiota Rural Hospital,Chiota - 100247 - Rural Hospital,d7gKjgLmPHF,ZW03050B
Mashonaland East,Marondera,Marondera,Mahusekwa District Hospital,Mahusekwa - 100829 - Hospital,YBLoHaAmcFN,ZW03050C
Mashonaland East,Marondera,Marondera,Borradaile Pvt Hospital,Borradaile Pvt Hospital,ufU65NdtPOw,ZW03050D
Mashonaland East,Marondera,Marondera,Masikana Council Clinic,Masikana - 100929 - Clinic,aFOZQYiMlJL,ZW030525
Mashonaland East,Marondera,Marondera,Marondera Rural Council Clinic,Marondera - 100902 - Rural Clinic,e7yLZBqvLeh,ZW030528
Mashonaland East,Marondera,Marondera,Chipararwe Council Clinic,Chiparawe - 100250 - Clinic,fc6CsjpLvS6,ZW030529
Mashonaland East,Marondera,Marondera,Lustleigh Council Clinic,Lustliegh - 100784 - Clinic,VtpGw8NPT7u,ZW030530
Mashonaland East,Marondera,Marondera,Igava Council Clinic,Igava - 100627 - Clinic,IIA4YLWqC6F,ZW030545
Mashonaland East,Marondera,Marondera,Dombotombo Council Clinic,Dombotombo - 100401 - Clinic,oKyc3dnc5sJ,ZW030561
Mashonaland East,Marondera,Marondera,Nyameni Council Clinic,Nyameni - 101344 - Clinic,zfgVw4bp8ku,ZW030562
Mashonaland East,Marondera,Marondera,Nyembanzvere Council Clinic,Nyembanzvere - 101383 - Clinic,Nrsc0aw1ptH,ZW030563
Mashonaland East,Marondera,Marondera,Waddilove Clinic,Waddilove - 101755 - Clinic,S3SoJCAyzta,ZW030586
Mashonaland East,Marondera,Marondera,Rakodzi Pvt Clinic,Rakodzi - 101439 - Clinic,SjtSjc51A3E,ZW030588
Mashonaland East,Marondera,Marondera,Arcadia Rural Council Clinic,Arcadia Rural Council Clinic,Dj7yYZyni8C,ZW030591
Mashonaland East,Murewa,Murewa,Chitate Rural Health Centre,Chitate - 100290 - Rural Health Centre,eG8FExPZMv1,ZW030701
Mashonaland East,Murewa,Murewa,Jekwa Rural Health Centre,Jekwa - 100657 - Rural Health Centre,FjEmBSTJkXT,ZW030703
Mashonaland East,Murewa,Murewa,Kadenge Rural Health Centre,Kadenge - 100680 - Rural Health Centre,MiLexqDZjQJ,ZW030704
Mashonaland East,Murewa,Murewa,Munamba Rural Health Centre,Munamba - 101105 - Rural Health Centre,ylh5zzWxRDn,ZW030706
Mashonaland East,Murewa,Murewa,Murewa Gvt District Hospital,Murewa - 101129 - District Hospital,Z0DMs3KU6oN,ZW03070A
Mashonaland East,Murewa,Murewa,St Paul's Musami Mission Hospital,St. Paul's Musami - 101638 - Mission Hospital,IV1N9v5bKiL,ZW03070B
Mashonaland East,Murewa,Murewa,Nhowe Mission Hospital,Nhowe - 101270 - Mission Hospital,KHym7Le7S6g,ZW03070C
Mashonaland East,Murewa,Murewa,Murewa Polyclinic,Murewa - 101128 - Poly Clinic,l7xNQF9S63C,ZW030722
Mashonaland East,Murewa,Murewa,Chitowa 1 Clinic,Chitowa 1 - 100298 - Rural Health Centre,aVxN3fDFGhM,ZW030723
Mashonaland East,Murewa,Murewa,Chitowa 2 Clinic,Chitowa 2 - 100299 - Clinic,LHSm0lh6M97,ZW030724
Mashonaland East,Murewa,Murewa,Kadzere Rural Health Centre,Kadzere - 100686 - Clinic,CbmWNb9Tcpi,ZW030727
Mashonaland East,Murewa,Murewa,Nyamutumbu Rural Health Centre,Nyamutumbu - 101358 - Clinic,kZhh1BmkC6d,ZW030728
Mashonaland East,Murewa,Murewa,Shambamuto Rural Health Centre,Shambamuto - 101550 - Clinic,VLPYm5c0jgN,ZW030729
Mashonaland East,Murewa,Murewa,Matututu Clinic,Matututu - 100964 - Rural Health Centre,h3HNN5Uo4Wt,ZW030731
Mashonaland East,Murewa,Murewa,Macheke Clinic,Macheke - 100799 - Clinic,cdZowZBWgqY,ZW030745
Mashonaland East,Murewa,Murewa,Virginia Clinic,Virginia Clinic - 101742 - Clinic,dsOsw05zvg2,ZW030746
Mashonaland East,Murewa,Murewa,Waterloo Clinic,Waterloo - 101762 - Clinic,WdsXmSQA2PZ,ZW030747
Mashonaland East,Murewa,Murewa,Kambarami Rural Health Centre,Kambarami - 100693 - Clinic,LEyBzwRbqB1,ZW030749
Mashonaland East,Murewa,Murewa,Muchinjike Rural Health Centre,Muchinjike - 101079 - Rural Health Centre,ic2VBm6nv6a,ZW030750
Mashonaland East,Murewa,Murewa,Goso Rural Health Centre,Goso - 100526 - Clinic,pBj3XPhHiO5,ZW030772
Mashonaland East,Seke,Seke,Acton Reynolds Rural Health Centre,Acton Ronolds - 100002 - Rural Health Centre,UtIHziKXtX0,ZW030901
Mashonaland East,Seke,Seke,Zhakata Rural Health Centre,Zhakata - 101788 - Rural Health Centre,chIGBlc6iFM,ZW030902
Mashonaland East,Seke,Seke,Masasa Rural Health Centre,Masasa - 100917 - Rural Health Centre,JDRHYfbYFJE,ZW030905
Mashonaland East,Seke,Seke,Beatrice Rural Hospital,Beatrice - 100049 - Rural Hospital,v41G3HJvF4A,ZW03090A
Mashonaland East,Seke,Seke,Kunaka Hospital,Kunaka - 100746 - Rural Hospital,OU0gHuwRZtW,ZW03090B
Mashonaland East,Seke,Seke,Jonasi Clinic,Jonasi - 100673 - Clinic,XvaFMjND2A3,ZW030922
Mashonaland East,Seke,Seke,Makanyazingwa Clinic,Makanyazingwa Clinic,U1AEf47KS9d,ZW030923
Mashonaland East,Seke,Seke,Marirangwe Clinic,Marirangwe - 100899 - Clinic,Ai2GEHQJ2iq,ZW030924
Mashonaland East,Seke,Seke,Muda Clinic,Muda - 101080 - Clinic,o5kCOvuHFbM,ZW030925
Mashonaland East,Seke,Seke,Epworth Polyclinic,Epworth - 100451 - Poly Clinic,Dr2dULfqvTS,ZW030926
Mashonaland East,Seke,Seke,Overspill Clinic,Overspill - 101399 - Satellite Clinic,QTYLtlbWtEc,ZW030927
Mashonaland East,Seke,Seke,Epworth Mission Clinic,Epworth - 100452 - Mission Clinic,EC7WzIzlIiy,ZW030990
Mashonaland West,Chegutu,Chegutu,Monera Rural Health Centre,Monera - 101033 - Council Clinic,Pj8Kuw1CNhE,ZW040104
Mashonaland West,Chegutu,Chegutu,Musinami Rural Health Centre,Musinami - 101151 - Rural Health Centre,Ihe6efhYbFJ,ZW040106
Mashonaland West,Chegutu,Chegutu,Chegutu District Hospital,Chegutu - 100153 - District Hospital,IIjgprykVWn,ZW04010A
Mashonaland West,Chegutu,Chegutu,Mhondoro Rural Hospital,Mhondoro - 101015 - Rural Hospital,d6ywbdGkzaO,ZW04010B
Mashonaland West,Chegutu,Chegutu,Norton Hospital,Norton - 101291 - Hospital,nhjrpXRP9Mk,ZW04010C
Mashonaland West,Chegutu,Chegutu,Chivero Clinic,Chivero - 100312 - Council Clinic,WlGebuwqSYe,ZW040126
Mashonaland West,Chegutu,Chegutu,Mhondoro North Clinic,Mhondoro North - 101016 - Council Clinic,F7EVUaZPD8U,ZW040127
Mashonaland West,Chegutu,Chegutu,Watyoka Clinic,Watyoka - 101763 - Council Clinic,ZlGUHP6gHLu,ZW040130
Mashonaland West,Chegutu,Chegutu,Selous Clinic,Selous - 101537 - Council Clinic,XetOsDWPjg2,ZW040133
Mashonaland West,Chegutu,Chegutu,Chegutu Clinic,Chegutu CBDS Clinic,XmPVYkmHx6D,ZW040145
Mashonaland West,Chegutu,Chegutu,Katanga Utano Clinic,Katanga utano - 100719 - Municipality,AovMStawZQF,ZW040147
Mashonaland West,Chegutu,Chegutu,Pfupajena Munic Clinic,Pfupajena - 101416 - Council Clinic,EASWD2odoBX,ZW040161
Mashonaland West,Chegutu,Chegutu,Chinengundu Clinic,Chinengundu - 100225 - Clinic,cie0TDpTUmD,ZW040162
Mashonaland West,Chegutu,Chegutu,Brunswick Clinic,Brunswick - 100094 - Clinic,dMjkmGmNgG9,ZW040180
Mashonaland West,Chegutu,Chegutu,Padre Pio Poly Clinic,Padre Pio Poly Clinic,GROS5u0jUHX,ZW040189
Mashonaland West,Hurungwe,Hurungwe,Chivende Rural Health Centre,Chivende - 100311 - Clinic,p5eSg7zH2Ua,ZW040202
Mashonaland West,Hurungwe,Hurungwe,Masanga Rural Health Centre,Masanga - 100913 - Gvt Clinic,k8PBGr2DIPd,ZW040205
Mashonaland West,Hurungwe,Hurungwe,Zvipani Rural Health Centre,Zvipani - 101827 - Clinic,kBWmV90JkOu,ZW040206
Mashonaland West,Hurungwe,Hurungwe,Karoi District Hospital,Karoi - 100715 - District Hospital,VNjdYsWixGj,ZW04020A
Mashonaland West,Hurungwe,Hurungwe,Mwami Rural Hospital,Mwami - 101194 - Hospital,Pr38K304mkU,ZW04020C
Mashonaland West,Hurungwe,Hurungwe,Chidamoyo Mission Hospital,Chidamoyo - 100169 - Mission Hospital,BE3pL9m9Z4E,ZW04020D
Mashonaland West,Hurungwe,Hurungwe,Chinhere Clinic,Chinhere - 100232 - Council Clinic,ImqILPZv3dP,ZW040225
Mashonaland West,Hurungwe,Hurungwe,Chundu Clinic,Chundu - 100334 - Council Clinic,YcnSBJxA8OR,ZW040226
Mashonaland West,Hurungwe,Hurungwe,Kazangarare Clinic,Kazangarare - 100727 - Gvt Council,qUHcE4ErSLH,ZW040227
Mashonaland West,Hurungwe,Hurungwe,Nyamakate Clinic,Nyamakaze - 101329 - Clinic,YErstr7uJhc,ZW040228
Mashonaland West,Hurungwe,Hurungwe,Murambe Clinic,Murambi - 101122 - Clinic,MhfDeBvNapW,ZW040234
Mashonaland West,Hurungwe,Hurungwe,Moy RDC Clinic,Moy RDC Clinic,zsDKyIf4vbl,ZW040235
Mashonaland West,Hurungwe,Hurungwe,Nyama clinic,Nyama - 101327 - Council,Krolm8Hf65t,ZW040236
Mashonaland West,Hurungwe,Hurungwe,Helwin Clinic,Hewiyai - 100592 - Council Clinic,FErcn3drSxC,ZW040245
Mashonaland West,Hurungwe,Hurungwe,Hesketh Clinic,Hesketh - 100591 - Council Clinic,P7NGBmcP9C5,ZW040246
Mashonaland West,Hurungwe,Hurungwe,Tengwe Clinic,Tenewe - 101683 - Council Clinic,z0mAJulIVSB,ZW040249
Mashonaland West,Hurungwe,Hurungwe,Karoi Static Clinic,Karoi Static -101847 - Clinic,fu7mCEGiPDN,ZW040261
Mashonaland West,Hurungwe,Hurungwe,Kapfunde Clinic,Kapfunde - 100706 - Council Clinic,FlnO6SLGkoS,ZW040291
Mashonaland West,Hurungwe,Hurungwe,Kasimure RHC,Kasimube - 100717 - Rural Health Centre,IE7VibyIDHH,ZW040294
Mashonaland West,Hurungwe,Hurungwe,Doro Clinic,Doro - 100413 - Clinic,hJfPQt6G26t,ZW040299
Mashonaland West,Hurungwe,Hurungwe,Hurungwe Rural Hospital,Hurungwe - 100619 - Rural Hospital,iaOOpWV2fiF,ZW0402OB
Mashonaland West,Sanyati,Sanyati,Sanyati RDC Clinic,Sanyati ARDA - 101861 - Clinic,esbcJZ4OrBM,ZW040330
Mashonaland West,Sanyati,Sanyati,Rimuka Municipal Clinic,Rimuka - 101452 - Clinic,IsQV9DqeQUB,ZW040361
Mashonaland West,Makonde,Makonde,Kenzamba Rural Health Centre,Kenzamba - 100731 - Clinic,GW3nlgDs9xm,ZW040406
Mashonaland West,Makonde,Makonde,Murereka Rural Health Centre,Murereka - 101127 - Clinic,e8DVLtd2Bvv,ZW040407
Mashonaland West,Makonde,Makonde,Chinhoyi Provincial Hospital,Chinhoyi - 100235 - Provincial Hospital,Jna4eqryjis,ZW04050A
Mashonaland West,Makonde,Makonde,St Rupert's Mission Hospital,St. Rupert's - 101650 - Mission Hospital,p98IRYc0Y2A,ZW04040B
Mashonaland West,Makonde,Makonde,Makonde Christ Hosp,Makonde Christian - 100848 - Mission Hospital,OkTXq7ukdO3,ZW04040D
Mashonaland West,Makonde,Makonde,Doma RDC Clinic,Doma - 100397 - Clinic,QkRUl86fEkn,ZW040445
Mashonaland West,Makonde,Makonde,Umboe RDC Clinic,Umboe - 101724 - Clinic,kaqOR3BnVSQ,ZW040448
Mashonaland West,Makonde,Makonde,Chinhoyi Munic Clinic,Chinhoyi Clinic - 100233 - Clinic,FEkAkg5Ev7k,ZW040461
Mashonaland West,Makonde,Makonde,Chikonohono Munic Clinic,Chikonohono - 100190 - Clinic,Sad5NyxeroB,ZW040462
Mashonaland West,Makonde,Makonde,Alaska Munic Clinic,Alaska - 100005 - Clinic,gJr4bpmVlAZ,ZW040463
Mashonaland West,Makonde,Makonde,Manyamba Rural Health Centre,Manyamba - 100875 - Clinic,EeHMROYRaAD,ZW040487
Mashonaland West,Makonde,Makonde,Kanyaga RDC Clinic,Kanyanga - 100702 - Clinic,AAZhENxl6fW,ZW040488
Mashonaland West,Mhondoro,Mhondoro,Donain Rural Health Centre,Donain - 100405 - Rural Health Centre,yraPEOZeIxX,ZW040502
Mashonaland West,Mhondoro,Mhondoro,Ngezi (mhondoro) Rural Hospital,Ngezi - 101251 - Rural Hosp,vUkB35RhitH,ZW04040A
Mashonaland West,Mhondoro,Mhondoro,St Michael's Mission Hospital,St. Michaels - 101646 - Mission Hospital,OXgwxM8Md7I,ZW04050B
Mashonaland West,Mhondoro,Mhondoro,Chingondo RDC Clinic,Chingondo - 100229 - Clinic,Psij86nmKUz,ZW040518
Mashonaland West,Mhondoro,Mhondoro,Murambwa RDC Clinic,Murambwa - 101125 - Council clinic,Ni4JXZ8ecnx,ZW040523
Mashonaland West,Mhondoro,Mhondoro,Turf Estate RDC Clinic,Turf - 101719 - Council Clinic,mCZQYXcx1VM,ZW040524
Mashonaland West,Mhondoro,Mhondoro,Twintops RDC Clinic,Twin Tops - 101722 - Clinic,keqEqznmGNE,ZW040525
Mashonaland West,Sanyati,Sanyati,Kadoma General Hospital,Kadoma - 100681 - District Hosp,wOpjGYcTm6P,ZW04060A
Mashonaland West,Sanyati,Sanyati,Sanyati Mission Hospital,Sanyati - 101527 - Mission Hospital,xDDGSZFaGY5,ZW04060C
Mashonaland West,Zvimba,Zvimba,Mutorashanga RDC Hospital,Mtorashanga - 101072 - Hospital,z8IQ5wyJfwO,ZW04060F
Mashonaland West,Sanyati,Sanyati,Ordoff RDC Clinic,Ordoff - 101398 - Council Clinic,syAdkEdGSLS,ZW040623
Mashonaland West,Sanyati,Sanyati,Patchway RDC Clinic,Patchway - 101408 - Mine Clinic,shA3RikpDNe,ZW040624
Mashonaland West,Sanyati,Sanyati,Ingezi clinic,Ingezi - 100636 - Municipality,C78N7IY0RQT,ZW040636
Mashonaland West,Sanyati,Sanyati,Rimuka MCH Municipal Clinic,Rimuka MCH Municipal Clinic,qEDMf2epK2V,ZW040637
Mashonaland West,Sanyati,Sanyati,Waverly Municipal Clinic,Waverly - 101764 - Clinic,oiEL7cgDRNN,ZW040639
Mashonaland West,Sanyati,Sanyati,Chakari Mine Clinic,Chakari - 100125 - Mine Clinic,sWdIWNMmkKd,ZW040689
Mashonaland West,Zvimba,Zvimba,Banket District Hospital,Banket - 100044 - District Hospital,kyFYqZ69z50,ZW04070A
Mashonaland West,Zvimba,Zvimba,Darwendale Rural Hospital,Darwendale - 100368 - Rural Hospital,NfFDWgYghbO,ZW04070C
Mashonaland West,Zvimba,Zvimba,Raffingora Rural Hospital,Raffingora - 101437 - Rural Hospital,Adrn5wepICh,ZW04070D
Mashonaland West,Zvimba,Zvimba,Father O'Hea Mission Hospital,Father O'Hea - 100463 - Mission Hospital,pw6aAMuYZOz,ZW04070E
Mashonaland West,Zvimba,Zvimba,Zvimba Rural Hospital,Zvimba - 101826 - Rural Hospital,AePpRuUfCzM,ZW04070G
Mashonaland West,Zvimba,Zvimba,Madzorera RDC Clinic,Madzorera - 100817 - Clinic,FsqaXprbYyV,ZW040728
Mashonaland West,Zvimba,Zvimba,Kutama RDC Clinic,Kutama - 100750 - Council Clinic,SZfZ586Bl1Q,ZW040743
Mashonaland West,Zvimba,Zvimba,Kuwadzana RDC Clinic,Kuwadzana Phase 4 -101851- Clinic,dArzb8heLtw,ZW040744
Mashonaland West,Zvimba,Zvimba,Mount Hampden RDC Clinic,Mt. Hampden - 101059 - Clinic,IM2c57bchDp,ZW040745
Mashonaland West,Zvimba,Zvimba,Nyabira RDC Clinic,Nyabira RDC Clinic,RHcb8botGLq,ZW040746
Mashonaland West,Zvimba,Zvimba,TRB RDC Clinic,TRBC - 101703 - Council Clinic,xwXASQ58xET,ZW040747
Mashonaland West,Zvimba,Zvimba,Trelawney RDC Clinic,Trelawney - 101704 - Council Clinic,fyCd86t36uQ,ZW040748
Mashonaland West,Zvimba,Zvimba,Sutton RDC Clinic,Sutton - 101661 - Mine Clinic,FsRYRzS6zYQ,ZW040777
Mashonaland West,Zvimba,Zvimba,Dzivaresekwa gvt Clinic,Dzivarasekwa Extension - 100428 - Clinic,XwzKYKZooxk,ZW040780
Mashonaland West,Zvimba,Zvimba,Mapinga RDC Clinic,Mpinga Clinic - 101043 - Clinic,NcZpdLLxlKu,ZW040783
Mashonaland West,Zvimba,Zvimba,Herbert Chitepo,Herbert Chitepo,Hiy4IS8bwoM,ZW040794
Masvingo,Chiredzi,Chiredzi,Chambuta Clinic,Chambuta - 100131 - Clinic,Ah71A5p6U9l,ZW080201
Masvingo,Chiredzi,Chiredzi,Chilonga Rural Health Centre,Chilonga - 100206 - Clinic,kOc9rm7UnpQ,ZW080202
Masvingo,Chiredzi,Chiredzi,Chizvirizvi Rural Health Centre,Chizvirizvi - 100329 - Clinic,c4XotWaksY0,ZW080204
Masvingo,Chiredzi,Chiredzi,Davata Rural Health Centre,Davata - 100370 - Clinic,TWQYlcVIUbh,ZW080205
Masvingo,Chiredzi,Chiredzi,Gezani Rural Health Centre,Gezani - 100502 - Clinic,FZFi6UbvoAK,ZW080206
Masvingo,Chiredzi,Chiredzi,Malipati Rural Health Centre,Malipati - 100861 - Rural Health Centre,pnbUOG9jvyE,ZW080207
Masvingo,Chiredzi,Chiredzi,Mhlanguleni Rural Health Centre,Mahlanguleni - 100827 - Clinic,T5GUOFScrzV,ZW080208
Masvingo,Chiredzi,Chiredzi,Muteyo Rural Health Centre,Muteyo - 101176 - Clinic,YCwmksrQv9l,ZW080209
Masvingo,Chiredzi,Chiredzi,Chiredzi District Hospital,Chiredzi - 100264 - Hospital,cnqg74tvFv1,ZW08020A
Masvingo,Chiredzi,Chiredzi,Chikombedzi Mission Hospital,Chikombedzi - 100188 - Hospital,ezd2O5cLGKR,ZW08020B
Masvingo,Chiredzi,Chiredzi,Nyangambe Rural Health Centre,Nyangambe - 101365 - Clinic,qvDZsNpDxFc,ZW080210
Masvingo,Chiredzi,Chiredzi,Faversham Clinic,Faversham - 100465 - Clinic,fHlFvOJjEZa,ZW080211
Masvingo,Chiredzi,Chiredzi,Old Boli Rural Health Centre,Old Boli Rural Health Centre,oLYfhFAgFiM,ZW080212
Masvingo,Chiredzi,Chiredzi,Samu Rural Health Centre,Samu - 101518 - Clinic,YZNLtCPMaHT,ZW080213
Masvingo,Chiredzi,Chiredzi,Pahlela Clinic,Pahlela - 101401 - Clinic,HeZbUZjnuhb,ZW080214
Masvingo,Chiredzi,Chiredzi,Chipiwa Clinic,Chipiwa - 100259 - Clinic,lgDPtblnWoX,ZW080226
Masvingo,Chiredzi,Chiredzi,St Joseph Clinic,St. Joseph - 101630 - Clinic,q3b5EkPCQLi,ZW080227
Masvingo,Chiredzi,Chiredzi,Dumisa Clinic,Dumisa - 100425 - Clinic,jRF48ebIi8o,ZW080228
Masvingo,Chiredzi,Chiredzi,Porepore Clinic,Porepore - 101420 - Clinic,uQ25d2VfGtd,ZW080229
Masvingo,Chiredzi,Chiredzi,Rupangwana Clinic,Rapanguwana - 101442 - Clinic,uh35NSt2dAR,ZW080230
Masvingo,Chiredzi,Chiredzi,Chitsa Clinic,Chitsa - 100300 - Clinic,Z2jeuNuhkJQ,ZW080232
Masvingo,Chiredzi,Chiredzi,Tshovani Clinic,Tsovani - 101715 - Clinic,g7P5iJOCBdW,ZW080233
Masvingo,Chiredzi,Chiredzi,Makambe Clinic,Makambe - 100839 - Clinic,rBSC8oca3nk,ZW080234
Masvingo,Chiredzi,Chiredzi,Chompani Clinic,Chomopani - 100330 - Clinic,V7g1YWWJjww,ZW080235
Masvingo,Chiredzi,Chiredzi,Gudo RHC,Gudo Clinic,vXMawvhiVWc,ZW080237
Masvingo,Chiredzi,Chiredzi,Mkwasine Clinic,Mkwasine - 101025 - Clinic,bUgKeujjHs0,ZW080282
Masvingo,Chiredzi,Chiredzi,Damarakanaka Clinic,Damarakanaka - 100358 - Clinic,zEztqtVfvls,ZW080291
Masvingo,Chiredzi,Chiredzi,Chingele Clinic,Chingele - 100227 - Clinic,Q3ugvdCRvpY,ZW080292
Masvingo,Chivi,Chivi,Chigwikwi Rural Health Centre,Chigwikwi - 100179 - Rural Health Centre,uCEsnsec9SL,ZW080302
Masvingo,Chivi,Chivi,Mandamabwe Rural Health Centre,Mhandamabwe - 101011 - Rural Health Centre,d507u4dhfug,ZW080303
Masvingo,Chivi,Chivi,Ngundu Rural Health Centre,Ngundu - 101258 - Rural Health Centre,TEsXYdnUcfu,ZW080304
Masvingo,Chivi,Chivi,Razi Rural Health Centre,Razi - 101444 - Rural Health Centre,n4tZ9FiLuGP,ZW080305
Masvingo,Chivi,Chivi,Takavarasha Rural Health Centre,Takavarasha - 101671 - Rural Health Centre,tnAAI1FRv9X,ZW080307
Masvingo,Chivi,Chivi,Nyahombe Rural Health Centre,Nyahombe - 101316 - Clinic,Wvse2gr2oTW,ZW080308
Masvingo,Chivi,Chivi,Chivi District Hospital,Chivi - 100317 - District Hospital,laeJBf3k7tI,ZW08030A
Masvingo,Chivi,Chivi,Chivi Rural Hospital,Chivi - 100319 - Rural Hospital,BbcsNsBiQJM,ZW08030B
Masvingo,Chivi,Chivi,Berejena Mission Hospital,Berejena - 100060 - Mission Clinic,TKcNzGxZmGw,ZW08030C
Masvingo,Chivi,Chivi,Chasiyatende Clinic,Chasiyatende Clinic,UN9Jg1BwqT5,ZW080317
Masvingo,Chivi,Chivi,Madzivadondo Clinic,Madzivadondo - 100813 - Clinic,XxCEgT27X8h,ZW080319
Masvingo,Chivi,Chivi,Chirogwe Clinic,Chirongwe - 100272 - Clinic,PwTUs91whQ3,ZW080321
Masvingo,Chivi,Chivi,Zivuku Clinic,Ziviku - 101812 - Clinic,qlF46STsFVq,ZW080324
Masvingo,Chivi,Chivi,Vuranda Clinic,Varanda - 101752 - Rural Health Centre,x6Odi9BQi29,ZW080325
Masvingo,Chivi,Chivi,Davira Clinic,Davira - 100374 - Clinic,aGhPTFxnILJ,ZW080326
Masvingo,Chivi,Chivi,Madamombe Clinic,Madamombe Clinic,xHLQ0UWCPsR,ZW080327
Masvingo,Chivi,Chivi,Shindi Satellite Clinic,Shindi - 101562 - Clinic,ZjbT0mVOxhT,ZW080328
Masvingo,Chivi,Chivi,Vutete Health Centre,Utete - 101730 - Clinic,LnBI34VkdXc,ZW080333
Masvingo,Chivi,Chivi,ma Chidyamakono Clinic,Chidyamakono - 101913 - Clinic,t0FJDGAu6fL,ZW080335
Masvingo,Chivi,Chivi,Chivi Mission Clinic,Chivi - 100318 - Mission Clinic,ZPy0zZuQJHc,ZW080391
Masvingo,Gutu,Gutu,Mushaviri Rural Health Centre,Mushaviri - 101144 - Clinic,tJksCYMUYHm,ZW080401
Masvingo,Gutu,Gutu,Majada Rural Health Centre,Majarada - 100833 - Rural Health Centre,ys2RKCMd2KW,ZW080402
Masvingo,Gutu,Gutu,Matizha Rural Health Centre,Matizha - 100954 - Clinic,onzEz7OrfEc,ZW080403
Masvingo,Gutu,Gutu,Mutema Rural Health Centre,Mutema - 101172 - Clinic,LaR6odJIgbC,ZW080404
Masvingo,Gutu,Gutu,Nemashakwe Rural Health Centre,Nemashakwe - 101224 - Clinic,vJvZoHHCXoL,ZW080405
Masvingo,Gutu,Gutu,Soti Source Rural Health Centre,Soti Source - 101615 - Clinic,whCKffBHhqi,ZW080406
Masvingo,Gutu,Gutu,Chitando Rural Health Centre,Chitando - 100287 - Rural Health Centre,lO6DFAvjICL,ZW080408
Masvingo,Gutu,Gutu,Zvavahera Rural Health Centre,Zvavahera - 101824 - Clinic,diROooYxyaE,ZW080409
Masvingo,Gutu,Gutu,Gutu Rural Hospital,Gutu Rural - 100558 - Clinic,hhrSCqMznTy,ZW08040A
Masvingo,Gutu,Gutu,Chimombe Rural Hospital,Chimombe - 100215 - Rural Hospital,kaYiMIvMi6q,ZW08040B
Masvingo,Gutu,Gutu,Chinyika Rural Hospital,Chinyika - 100243 - Rural Health Centre,gQu3bUzI3bn,ZW08040D
Masvingo,Gutu,Gutu,Gutu Mission Hospital,Gutu - 100557 - Mission Hospital,lMPbb0M4NRu,ZW08040E
Masvingo,Gutu,Gutu,Guni Clinic,Guni - 100549 - Clinic,OQocNmXdE6i,ZW08040F
Masvingo,Gutu,Gutu,Cheshuro Clinic,Cheshuro - 100161 - Clinic,BXwx8ekYJ5Z,ZW080425
Masvingo,Gutu,Gutu,Denhere Clinic,Denhere - 100380 - Clinic,E2KrijxLbKp,ZW080426
Masvingo,Gutu,Gutu,Dewure Clinic,Devure - 100387 - Mission Clinic,VYPAMdNSEQf,ZW080427
Masvingo,Gutu,Gutu,Magombedze Clinic,Magombedze - 100822 - Clinic,jXnqxdI0Xk4,ZW080428
Masvingo,Gutu,Gutu,Mazuru Clinic,Mazura - 100985 - Clinic,AGkV135CYcT,ZW080429
Masvingo,Gutu,Gutu,Munyikwa Clinic,Munyikwa - 101114 - Rural Health Centre,xclPYKg6TTi,ZW080430
Masvingo,Gutu,Gutu,Nyazvidzi Clinic,Nyazvidzi - 101382 - Clinic,CSJhvKnvviY,ZW080431
Masvingo,Gutu,Gutu,Zinhata Clinic,Zinhata - 101809 - Clinic,zlK0QVfBy4S,ZW080432
Masvingo,Gutu,Gutu,Tirizi Satellite Clinic,Tirizi - 101689 - Clinic,RxO8k3zae2W,ZW080433
Masvingo,Gutu,Gutu,Chiwore Rural Health Centre,Chiwore - 100325 - Clinic,oqJB2RrFjGD,ZW080434
Masvingo,Gutu,Gutu,Magombedze Chitsa Clinic,Magombedze Chitsa Rural Health Centre,bNtcLJVMOwP,ZW080435
Masvingo,Gutu,Gutu,Chepiri Clinic,Chepiri - 100160 - Clinic,zDO70UxzQ52,ZW080436
Masvingo,Gutu,Gutu,Dambara Clinic,Dambara - 100360 - Clinic,TBPY2CXSDF6,ZW080437
Masvingo,Gutu,Gutu,Mataruse Clinic,Mataruse - 100945 - Clinic,WXuXiKIOPTi,ZW080438
Masvingo,Gutu,Gutu,Serima Mission Hospital,Serima - 101542 - Mission Hospital,TzcYG8P3r5t,ZW080491
Masvingo,Gutu,Gutu,Mutero Mission Hospital,Mutero - 101175 - Mission Clinic,rAsVeklMvZ9,ZW080492
Masvingo,Gutu,Gutu,Mukaro Mission Hospital,Mukaro Mission Hospital,uRQRDAtXAZE,ZW080493
Masvingo,Masvingo,Masvingo,Mukosi Rural Health Centre,Mukosi - 101100 - Clinic,AUU2Za6iKUr,ZW080502
Masvingo,Masvingo,Masvingo,Musvovi Rural Health Centre,Musvovi - 101158 - Clinic,qWZgejuypcm,ZW080504
Masvingo,Masvingo,Masvingo,Mushandike Rural Health Centre,Mushandike - 101142 - Clinic,bGVZqTZYySb,ZW080503
Masvingo,Masvingo,Masvingo,Nemamwa Rural Health Centre,Nemwanwa - 101228 - Clinic,BYmITScQJL8,ZW080506
Masvingo,Masvingo,Masvingo,Nyikavanhu Rural Health Centre,Nyikavanhu - 101386 - Rural Health Centre,EQMIsSwYCJE,ZW080507
Masvingo,Masvingo,Masvingo,Masvingo Provincial Hospital,Masvingo - 100937 - General Hospital,OwDR7D9U5Iq,ZW08050A
Masvingo,Masvingo,Masvingo,Nyajena Rural Hospital,Nyajena - 101321 - Rural Hospital,RTubzXUovqL,ZW08050C
Masvingo,Masvingo,Masvingo,Morgenster Mission Hospital,Mogenester - 101030 - Mission Hospital,J4lnaGjZpej,ZW08050D
Masvingo,Masvingo,Masvingo,Gokomere Mission Clinic,Gokomere - 100512 - Clinic,vQIAHTp5Tc7,ZW08050E
Masvingo,Masvingo,Masvingo,Summerton Rural Health Centre,Summerton - 101656 - Clinic,baRAS8w9gmR,ZW080512
Masvingo,Masvingo,Masvingo,Charumbira Clinic,Charumbira - 100141 - Clinic,TmpVq0GSnlG,ZW080525
Masvingo,Masvingo,Masvingo,Chatikobo Clinic,Chatikobo - 100144 - Clinic,DthvHWxwhl8,ZW080526
Masvingo,Masvingo,Masvingo,Gundura Clinic,Gundura - 100546 - Clinic,hIQLu7ZOrfq,ZW080527
Masvingo,Masvingo,Masvingo,Mapanzure Clinic,Mapanzure - 100884 - Clinic,yPQXMrWCQ8C,ZW080528
Masvingo,Masvingo,Masvingo,Bere Clinic,Bere - 100059 - Clinic,FUoqhbrAxqB,ZW080530
Masvingo,Masvingo,Masvingo,Murinye Clinic,Murinye - 101132 - Clinic,uYEnUHn5H1C,ZW080531
Masvingo,Masvingo,Masvingo,Rukovo Clinic,Rukovo - 101470 - Clinic,epPROUCXfAX,ZW080532
Masvingo,Masvingo,Masvingo,Shumba Clinic,Shumba - 101569 - Clinic,P6v8ImHzR3c,ZW080533
Masvingo,Masvingo,Masvingo,Zimuto BC Clinic,Zimuto BC-101885-Clinic,l3E01g797F0,ZW080534
Masvingo,Masvingo,Masvingo,Mucheke Clinic,Mucheke - 101077 - Clinic,PPyDaHmqOoL,ZW080535
Masvingo,Masvingo,Masvingo,Zano Clinic,Zano - 101781 - Clinic,RPaFuf61WaI,ZW080536
Masvingo,Masvingo,Masvingo,Guwa Rural Health Centre,Guwa - 100559 - Clinic,swgwGmtq9YH,ZW080540
Masvingo,Masvingo,Masvingo,Gurajena Rural Health Centre,Gurajena - 100551 - Hospital,Oqk09GQNE6K,ZW080541
Masvingo,Masvingo,Masvingo,Nyamande Clinic,Nyamande - 101330 - Clinic,v5kcc0wO1Rj,ZW080542
Masvingo,Masvingo,Masvingo,Zvamahande Clinic,Zvamahande - 101821 - Rural Health Centre,bfcqsUA785y,ZW080543
Masvingo,Masvingo,Masvingo,Ngomahuru Rural Health Centre,Ngomahuru - 101253 - Rural Health Centre,O7ozICEgzWS,ZW080544
Masvingo,Masvingo,Masvingo,Renco Mine Clinic,Renco - 101449 - Mine Clinic,qU8ZCeQVNaR,ZW080576
Masvingo,Masvingo,Masvingo,Rujeko Clinic,Rujeko - 101468 - Clinic,wQ9HjnprvIf,ZW080582
Masvingo,Masvingo,Masvingo,Runyararo Clinic,Runyararo - 101473 - Clinic,j0Sp4T1CCZR,ZW080583
Masvingo,Masvingo,Masvingo,Bondolfi Clinic,Bondolfi - 100082 - Rural Hospital,shU0JKeINLz,ZW080591
Masvingo,Masvingo,Masvingo,Shonganiso Clinic,Shonganiso - 101566 - Clinic,Ktj9CxKCM5h,ZW080592
Masvingo,Masvingo,Masvingo,Zimuto Mission Clinic,Zimuto - 101864 -Clinic,jxhWSl9Wogp,ZW080593
Masvingo,Mwenezi,Mwenezi,Chimbudzi Rural Health Centre,Chimbudzi - 100211 - Clinic,bA0TiXkTzDI,ZW080601
Masvingo,Mwenezi,Mwenezi,Chirindi Rural Health Centre,Chirindi - 100268 - Clinic,KGODrJyUU0d,ZW080602
Masvingo,Mwenezi,Mwenezi,Chizumba Rural Health Centre,Chizumba - 100328 - Clinic,fil4aqGSpkM,ZW080603
Masvingo,Mwenezi,Mwenezi,Maranda Sub Rural Health Centre,Maranda -101865 -Sub-Clinic,mtHydPyChpG,ZW080604
Masvingo,Mwenezi,Mwenezi,Nehanda Rural Health Centre,Nehanda - 101222 - Clinic,yzw2HRX9Prn,ZW080605
Masvingo,Mwenezi,Mwenezi,Rutenga Clinic,Rutenga - 101488 - Clinic,KSeMcOy1Blg,ZW080606
Masvingo,Mwenezi,Mwenezi,Chingwizi Clinic,Chingwizi - 100230 - Satelite Clinic,GUyrKhGPkmB,ZW080608
Masvingo,Mwenezi,Mwenezi,Neshuro District Hospital,Neshuro - 101232 - District Hospital,L1NXyIXr4Xi,ZW08060A
Masvingo,Mwenezi,Mwenezi,Matibi Mission Hospital,Matibi - 100952 - Mission Hospital,rGj6vwocIr0,ZW08060B
Masvingo,Mwenezi,Mwenezi,Mazetese Clinic,Mazetese - 100976 - Clinic,cryqOuYCTo9,ZW080625
Masvingo,Mwenezi,Mwenezi,Mushava Clinic,Mushava - 101143 - Clinic,Sd1voKwxJhS,ZW080627
Masvingo,Mwenezi,Mwenezi,Mwenezi Clinic,Mwenezi - 101000 - Council Clinic,nNRxlONErnx,ZW080628
Masvingo,Mwenezi,Mwenezi,Murove Clinic,Murove - 101136 - Clinic,W9zXilUTape,ZW080629
Masvingo,Mwenezi,Mwenezi,Mlelezi Clinic,Mulelesi - 101104 - Clinic,VQBNHdBY781,ZW080630
Masvingo,Mwenezi,Mwenezi,Boterere Clinic,Boterere - 100089 - Rural Health Centre,XIv6Q7a9F0J,ZW080631
Masvingo,Mwenezi,Mwenezi,Marinda Clinic,Marinda - 100898 - Rural Health Centre,YY58oZC8vq5,ZW080632
Masvingo,Mwenezi,Mwenezi,Munyamani Rural Health Centre,Munyamani Rural Health Centre,KaZSdnHLBYC,ZW080633
Masvingo,Mwenezi,Mwenezi,Mwenezana Clinic,Mwenezana - 101197 - Clinic,eNq2hEBUbBx,ZW080682
Masvingo,Mwenezi,Mwenezi,G and N Clinic,G&N Clinic - 100481 - Clinic,xXvAFa6LVPB,ZW080683
Masvingo,Mwenezi,Mwenezi,Maranda Clinic,Maranda Clinic,SmaTd211zbm,ZW080691
Masvingo,Mwenezi,Mwenezi,Lundi Clinic,Lundi - 100778 - Clinic,uZxyGTs0zwb,ZW080692
Masvingo,Zaka,Zaka,Chipinda Rural Health Centre,Chipinda - 100254 - Rural Health Centre,UjPKTFDVqUE,ZW080701
Masvingo,Zaka,Zaka,Harava Rural Health Centre,Harava - 100583 - Rural Health Centre,s0NGujuznMj,ZW080702
Masvingo,Zaka,Zaka,Nemauku Rural Health Centre,Nemauku - 101225 - Clinic,WGJRn7abY4N,ZW080703
Masvingo,Zaka,Zaka,Svuure Rural Health Centre,Svuvure - 101665 - Rural Health Hospital,USZm9peQXTh,ZW080704
Masvingo,Zaka,Zaka,Zibwowa Rural Health Centre,Zibwowa - 101795 - Private Clinic,w4buke8xk7w,ZW080705
Masvingo,Zaka,Zaka,Ndanga District Hospital,Ndanga - 101210 - Hospital,ZlQRjkoXG9b,ZW08070A
Masvingo,Zaka,Zaka,Musiso Mission Hospital,Musiso - 101153 - Mission Hospital,mJ9eUB3If4W,ZW08070C
Masvingo,Zaka,Zaka,Bota Clinic,Bota - 100088 - Clinic,Ns9TN1yfjMZ,ZW080725
Masvingo,Zaka,Zaka,Bvukururu Clinic,Bvukururu - 100110 - Clinic,S6noqN7rl9N,ZW080726
Masvingo,Zaka,Zaka,Chinyabako Clinic,Chinyabako - 100238 - Clinic,uuD4wwSkIeT,ZW080727
Masvingo,Zaka,Zaka,Chiredzana Clinic,Chiredzana - 100263 - Clinic,m1d3Az0zvDK,ZW080729
Masvingo,Zaka,Zaka,Fube Clinic,Fuve - 100480 - Clinic,ifRp2NyE9bf,ZW080730
Masvingo,Zaka,Zaka,Jichidza Council Clinic,Jichidza -101867 - Council Clinic,FIVfQy6uvyY,ZW080732
Masvingo,Zaka,Zaka,Mushaya Clinic,Mushaya - 101145 - Clinic,Dsxy9OYWGra,ZW080733
Masvingo,Zaka,Zaka,Gumbo,Gumbo - 100541 - Clinic,dVYZfmaQlZu,ZW080734
Masvingo,Zaka,Zaka,Nhema Clinic,Nhema - 101268 - Clinic,JAnao9byjMH,ZW080735
Masvingo,Zaka,Zaka,Nyakunhuwa Clinic,Nyakunhuwa - 101325 - Clinic,TnFsY7jz1e9,ZW080736
Masvingo,Zaka,Zaka,Siyawareva Clinic,Siyawareva - 101609 - Clinic,IZd8YJZuStE,ZW080737
Masvingo,Zaka,Zaka,Veza Clinic,Veza - 101736 - Clinic,g9tFVjxzZDT,ZW080738
Masvingo,Zaka,Zaka,Jerera Satellite Clinic,Jerera - 100659 - Satelite Clinic,PMfFMZIrZm5,ZW080739
Masvingo,Zaka,Zaka,Mageza Clinic,Mageza - 100820 - Rural Health Centre,j242MePofT5,ZW080740
Masvingo,Zaka,Zaka,Mandhloro Clinic,Madhloro Clinic,DOzFx349RDV,ZW080741
Masvingo,Zaka,Zaka,Machiva,Machiva Clinic,lV9XsdZFQJO,ZW080742
Masvingo,Zaka,Zaka,Jichidza Mission Clinic,Jichidza - 100662 - Mission Clinic,MN5sIO2VqYH,ZW080791
Mat North,Bubi,Bubi,Fasinoni,Fanison - 100461 - Rural Health Centre,UhdvTazmVfs,ZW050225
Matabeleland North,Bubi,Bubi,Siganda Clinic,Siganda - 101581 - Clinic,u4ZGqUHSJmi,ZW0502026
Matabeleland North,Bubi,Bubi,Majiji Clinic,Majiji - 100834 - Clinic,htZ51X0NqzW,ZW0502028
Matabeleland North,Bubi,Bubi,Mdutshane Rural Health Centre,Mdutshane - 101002 - Clinic,wEobN4cAAW1,ZW0502030
Matabeleland North,Bubi,Bubi,Inyathi District Hospital,Inyathi - 100642 - District Hospital,fdsEXNvFfWg,ZW05020A
Matabeleland North,Bubi,Bubi,Balanda Clinic,Balanda - 100037 - Rural Health Centre,ED5aIDufB5W,ZW050227
Matabeleland North,Bubi,Bubi,Isabella Mine Clinic,Isabella Mine - 100647 - Mine Clinic,yahjoGsrzyY,ZW050256
Matabeleland North,Bubi,Bubi,Turk Mine Clinic,Turk Mine - 101720 - Mine Clinic,d7pGOe2ANHF,ZW050257
Matabeleland North,Lupane,Lupane,Dandanda Rural Health Centre,Dandanda - 100364 - Clinic,zVFAdwFdTqT,ZW050402
Matabeleland North,Lupane,Lupane,Gomoza Rural Health Centre,Gomoza - 100517 - Rural Health Centre,t9C5ajv1YF5,ZW050404
Matabeleland North,Lupane,Lupane,Lupane Rural Health Centre,Lupane - 100781 - Rural Health Centre,l0QLIoY6x80,ZW050406
Matabeleland North,Lupane,Lupane,Lupaka Clinic,Lupaka - 100780 - Clinic,vEbJJckDzFK,ZW050407
Matabeleland North,Lupane,Lupane,St Paul's Mission Hospital,St. Pauls - 101647 - Mission Hospital,q5VjJBFUXw8,ZW05040A
Matabeleland North,Lupane,Lupane,St Luke's Mission Hospital,St. Lukes - 101645 - Mission Hospital,KXpRiO1yWzB,ZW05040B
Matabeleland North,Lupane,Lupane,Jotsholo Clinic,Jotsholo - 100675 - Clinic,rCYzUIDW7MG,ZW050426
Matabeleland North,Lupane,Lupane,Mdlankuzi Clinic,Mdlankunzi - 101001 - Clinic,HFcVItvEOoB,ZW050427
Matabeleland North,Lupane,Lupane,Lake-Alice Clinic,Lake Alice - 101888 - Clinic,gVkObbofnxN,ZW050428
Matabeleland North,Lupane,Lupane,Gwaai Rural Health Centre,Gwayi Clinic,nEvQQz0S9nn,ZW050492
Matabeleland North,Nkayi,Nkayi,Mateme Rural Health Centre,Mateme - 100949 - Rural Health Centre,k55ILJNLfNh,ZW050502
Matabeleland North,Nkayi,Nkayi,Ngwaladi,Ngwaladi - 101260 - Rural Hospital,hcb4xIy5tim,ZW050503
Matabeleland North,Nkayi,Nkayi,Zenka Rural Health Centre,Zenka - 101785 - Rural Health Centre,S8UmuTF3pVu,ZW050506
Matabeleland North,Nkayi,Nkayi,Nkayi District Hospital,Nkayi - 101275 - District Hospital,kqTqyIwwPWa,ZW05050A
Matabeleland North,Nkayi,Nkayi,Dakamela Rural Hospital,Dakamela - 100357 - Rural Hospital,t3OBvsoUoKO,ZW05050B
Matabeleland North,Nkayi,Nkayi,Mbuma Mission Hospital,Mbuma - 100998 - Mission Hospital,dhwL8YFJUKy,ZW05050C
Matabeleland North,Nkayi,Nkayi,Nesigwe Clinic,Nesigwe - 101233 - Rural Health Centre,wdGaR1C8TeZ,ZW050526
Matabeleland North,Nkayi,Nkayi,Sikobokobo,Sikobokobo - 101587 - Clinic,mnQNqs9EkZ1,ZW050528
Matabeleland North,Nkayi,Nkayi,Guwe Clinic,Guwe - 100560 - Rural Health Centre,NWqYAWOBoaJ,ZW050532
Matabeleland North,Nkayi,Nkayi,Gwelutshena Clinic,Gwelutshena - 100569 - Rural Health Centre,htw8zSoHZp1,ZW050533
Matabeleland North,Nkayi,Nkayi,Sesemba Clinic,Sesemba - 101545 - Rural Health Centre,oQY8tDXHTRv,ZW050534
Matabeleland North,Tsholotsho,Tsholotsho,Makhaza Rural Health Centre,Makaza - 100843 - Rural Health Centre,FglkSfTl6l0,ZW050603
Matabeleland North,Tsholotsho,Tsholotsho,Sodaka Rural Health Centre,Sodaka - 101611 - Rural Health centre,AwLcEg2hZca,ZW050606
Matabeleland North,Tsholotsho,Tsholotsho,Tsholotsho District Hospital,Tsholotsho - 101713 - District Hospital,enrbUoAll43,ZW05060A
Matabeleland North,Tsholotsho,Tsholotsho,Siphepha Rural Hospital,Sipepa - 101605 - Rural Hospital,d6Y01SZZoLz,ZW05060B
Matabeleland North,Tsholotsho,Tsholotsho,Phumula Mission Hospital,Pumula - 101433 - Mission Hospital,jlt9Wk07kKl,ZW05060C
Matabeleland North,Tsholotsho,Tsholotsho,Bubude Clinic,Bubude - 100096 - Clinic,Kwis9X2t9eb,ZW050625
Matabeleland North,Tsholotsho,Tsholotsho,Dlamini Clinic,Dlamini - 100396 - Council Clinic,CS6Fp5VYQVZ,ZW050626
Matabeleland North,Tsholotsho,Tsholotsho,Jimila Clinic,Jimila - 100663 - Clinic,Dm57psrUa0O,ZW050628
Matabeleland North,Tsholotsho,Tsholotsho,Madlangombe Clinic,Madlangombe - 100809 - Clinic,NfpobInYMG8,ZW050629
Matabeleland North,Tsholotsho,Tsholotsho,Nkunzi Clinic,Nkunzi - 101280 - Rural Health Centre,VqQbNnmOqPo,ZW050630
Matabeleland North,Tsholotsho,Tsholotsho,Tsholotsho Urban Clinic,Tsholotsho Urban - 101667 - Clinic,VCTLI8U4D5z,ZW050631
Matabeleland North,Tsholotsho,Tsholotsho,Samahuru Mission Clinc,Samahuru - 101513 - Clinic,IBDCM3Pjxhj,ZW050633
Matabeleland North,Tsholotsho,Tsholotsho,Mpanedziba Clinic,Mpanedziba - 101040 - Clinic,aXdklJjzRGW,ZW050697
Matabeleland North,Tsholotsho,Tsholotsho,Sikente Clinic,Sikente - 101584 - Clinic,asE3X2E5zns,ZW050698
Matabeleland North,Tsholotsho,Tsholotsho,Bemba Clinic,Bemba - 100057 - Council Clinic (New - Not Yet Open),JisbeOfzAQc,ZW050699
Matabeleland North,Umguza,Umguza,Igusi Rural Health Centre,Igusi - 100628 - Clinic,qiTBYlmXMwX,ZW050703
Matabeleland North,Umguza,Umguza,Nyamandlovu District Hospital,Nyamandlovu - 101332 - Hospital,KlK6kqKkceZ,ZW05070A
Matabeleland North,Umguza,Umguza,Lozikeyi Clinic,Lozikeyi - 100773 - Clinic,nK7XPhMtABa,ZW050724
Matabeleland North,Umguza,Umguza,Ntabazinduna Clinic,Ntabazinduna - 101300 - Clinic,Lkd1Xq1rMpo,ZW050729
Matabeleland North,Umguza,Umguza,Mbembesi Rural health Centre,Mbembesi - 100989 - Rural Health Centre,Aj4vatSkbng,ZW050733
Matabeleland North,Umguza,Umguza,Umguza Council Clinic ,Umguza Council Clinic,dBTOp92WekL,ZW050750
Matabeleland North,Umguza,Umguza,TG Silundika Clinic,T.G. Silundika - 101668 - Rural Health Centre,plc6BXsQkp0,ZW050781
Matabeleland North,Umguza,Umguza,St James Mission Clinic,St. James - 101643 - Mission Clinic,up9uWWHlf5L,ZW050791
Matabeleland North,Umguza,Umguza,Umuntu Clinic,Muntu - 101108 - Clinic,jXKl5XSgHA7,ZW050798
Matabeleland South,Mangwe,Mangwe,Mambale Clinic,Mambale - 100864 - Clinic,CoCGCYaDyfm,NICOLE
Matabeleland South,Beitbridge,Beitbridge,Majini Rural Health Centre,Majini - 100835 - Rural Health Centre,HLtonOYJwWn,ZW060104
Matabeleland South,Beitbridge,Beitbridge,Shabwe Rural Health Centre,Shabwe - 101548 - Rural Health Centre,RvZ2KNZoPql,ZW060106
Matabeleland South,Beitbridge,Beitbridge,Chaswingo Clinic,Chasvingo - 100143 - Clinic,mzisptcnWiW,ZW060125
Matabeleland South,Beitbridge,Beitbridge,Dulibadzimu Clinic,Dulibadzimu - 100423 - Clinic,cLOvKUEH5RN,ZW060126
Matabeleland South,Beitbridge,Beitbridge,Tongwe Clinic,Tongwe - 101696 - Clinic,FHW8J9cVHxt,ZW060130
Matabeleland South,Beitbridge,Beitbridge,Zezani Clinic,Zezane - 101787 - Clinic,T9MjXsATFab,ZW060131
Matabeleland South,Beitbridge,Beitbridge,Chamnangana Clinic,Chamunangana - 100132 - Clinic,OF8acIjcyKQ,ZW060177
Matabeleland South,Beitbridge,Beitbridge,Mtetengwe Clinic,Mtetengwe - 101069 - Clinic,ooCbPaLKfGV,ZW060179
Matabeleland South,Bulilima,Bulilima,Village 13 Rural Health Centre,Village 13 - 101741 - Rural Health Centre,dSsH9yE0duM,ZW060201
Matabeleland South,Bulilima,Bulilima,Huwana Clinic,Huwana - 100620 - Clinic,rkQa7RnEWDS,ZW060202
Matabeleland South,Bulilima,Bulilima,Makhulela Rural Health Centre,Makhuleka - 100846 - Clinic,QPHAMe5GEWA,ZW060204
Matabeleland South,Bulilima,Bulilima,Matjinge Rural Health Centre,Matjinge - 100955 - Rural Health Centre,ofDSu93XYEs,ZW060206
Matabeleland South,Bulilima,Bulilima,Nswazwi Rural Health Centre,Nswazwi - 101298 - Rural Health Centre,r3OGNRrJ82z,ZW060208
Matabeleland South,Bulilima,Bulilima,Lady Barring Rural Hospital,Lady Barring - 100755 - Mission Hospital,XdWdQRJn9Py,ZW06020B
Matabeleland South,Bulilima,Bulilima,Lady Stanley Rural Hospital,Lady Stanley - 100756 - Mission Hospital,Orr1ircj1n9,ZW06020C
Matabeleland South,Bulilima,Bulilima,Hingwe Rural Health Centre,Hingwe - 100598 - Clinic,pAUXg8FfZlS,ZW060220
Matabeleland South,Bulilima,Bulilima,Dombodema Clinic,Dombodema Clinic,D79NwzzVJYp,ZW060225
Matabeleland South,Bulilima,Bulilima,Madlambudzi Clinic,Madlambuzi - 100807 - Clinic,mJIpxNdl2QY,ZW060228
Matabeleland South,Bulilima,Bulilima,Ndiweni Clinic,Ndiweni - 101211 - Clinic,mCKQlE4o0Yr,ZW060230
Matabeleland South,Bulilima,Bulilima,Sikhathini Clinic,Sikhatini - 101585 - Clinic,mb8xNkQoiuv,ZW060231
Matabeleland South,Bulilima,Bulilima,Bezu Clinic ,Bezu - 100066 - Clinic,KYBy3FfZcPu,ZW060234
Matabeleland South,Bulilima,Bulilima,Masendu Clinic,Masendu - 100921 - Clinic,twOU9Qka6Hm,ZW060235
Matabeleland South,Bulilima,Bulilima,Tokwana Clinic,Tokwana - 101907 - Clinic,O4kX8ajY1Lp,ZW060236
Matabeleland South,Bulilima,Bulilima,Solusi Mission Clinic,Solusi - 101612 - Clinic,L0BhteRCV93,ZW060291
Matabeleland South,Gwanda,Gwanda,Gungwe RHC,Gungwe - 100548 - Rural Health Centre,KlVFxBUmMPa,ZW060301
Matabeleland South,Gwanda,Gwanda,Makwe RHC,Makwe - 100859 - Rural Health Centre,MfChw9iO4MQ,ZW060302
Matabeleland South,Gwanda,Gwanda,Nhwali RHC,Nhwali - 101271 - Rural Health Centre,CPy6XjJD08i,ZW060303
Matabeleland South,Gwanda,Gwanda,Manama Mission Hospital,Manama - 100867 - Mission Hospital,fqYJ8EfOnTe,ZW06030B
Matabeleland South,Gwanda,Gwanda,Mtshabezi Mission Hospital,Mtshabezi - 101073 - Mission Hospital,IVZFwtiwLgU,ZW06030C
Matabeleland South,Gwanda,Gwanda,Buvuma Clinic,Buvuma - 100107 - Clinic,B7i3EGdTPnj,ZW060325
Matabeleland South,Gwanda,Gwanda,Kafusi Clinic,Kafusi - 100689 - Clinic,N26tcya5qNw,ZW060326
Matabeleland South,Gwanda,Gwanda,Mzimuni Clinic,Mzimuni - 101203 - Clinic,KOtS4LirnJo,ZW060328
Matabeleland South,Gwanda,Gwanda,Ntalale Clinic,Ntalale - 101302 - Clinic,mm2j4nL6ha9,ZW060329
Matabeleland South,Gwanda,Gwanda,Sengezane Clinic,,ZW060330,ZW060330
Matabeleland South,Gwanda,Gwanda,Garanyemba Clinic,Garanyemba - 100490 - Clinic,bB4csCSIDEn,ZW060331
Matabeleland South,Gwanda,Gwanda,Lushongwe Clinic,Lushongwe - 100783 - Clinic,nWY5DVISxvp,ZW060333
Matabeleland South,Gwanda,Gwanda,Phakama Clinic,Pakama - 101403 - Clinic,zrlHTputbK4,ZW060362
Matabeleland South,Gwanda,Gwanda,Selonga Clinic,Selonga - 101536 - Rural Health Centre,mQbanvNia3z,ZW060363
Matabeleland South,Gwanda,Gwanda,Silikwe Clinic,Silkwe - 101589 - Rural Health centre,lq1a53Zl3Gn,ZW060368
Matabeleland South,Gwanda,Gwanda,West Nicholson Clinic,West Nicolson - 101772 - Clinic,cUPFcuov2Fc,ZW060382
Matabeleland South,Insiza,Insiza,Gwatemba Rural Health Centre,Gwatemba - 100566 - Rural Health Centre,y6M9rtUuWa9,ZW060402
Matabeleland South,Insiza,Insiza,Insiza Rural Health Centre,Insiza PBS - 100640 - Clinic,ZaWOfFs5CGk,ZW060403
Matabeleland South,Insiza,Insiza,Mabuze Rural Health Centre,Mabuze - 100795 - Rural Health Centre,ZzNvcMVOVP3,ZW060404
Matabeleland South,Insiza,Insiza,Nkankezi Rural Health Centre,Nkankezi - 101274 - Rural Health Centre,gu6QjBK15Rz,ZW060405
Matabeleland South,Insiza,Insiza,Nyamime Rural Health Centre,Nyamime - 101351 - Rural Health Centre,LAGfgfyUDwT,ZW060406
Matabeleland South,Insiza,Insiza,Sanale Rural Health Centre,Sanale - 101520 - Rural Health Centre,Adc2S4HRzAf,ZW060407
Matabeleland South,Insiza,Insiza,Gwanda State University,Gwanda University,nxQavCU6rAf,ZW060408
Matabeleland South,Insiza,Insiza,Filabusi District Hospital,Filabusi - 100468 - District Hospital,nTq5H4A7Lyc,ZW06040A
Matabeleland South,Insiza,Insiza,Shangani Rural Hospital,Shangani - 101557 - Rural Hospital,xGshYPXKdF6,ZW06040B
Matabeleland South,Insiza,Insiza,Avoca Rural Hospital,Avoca - 100029 - Rural Hospital,qmtMQzRoH0H,ZW06040C
Matabeleland South,Insiza,Insiza,Wanezi Mission Hospital,Wanezi - 101757 - Rural Hospital,b3PU8AeeaQC,ZW06040D
Matabeleland South,Insiza,Insiza,Singwango Clinic,Singwango - 101603 - Clinic,YAoTF1MIrjU,ZW060425
Matabeleland South,Insiza,Insiza,Zhulube Clinic,Zhulube - 101793 - Clinic,krUJBXgxsij,ZW060426
Matabeleland South,Insiza,Insiza,Singwambizi Clinic,Singwambizi - 101602 - Clinic,ec12kvcjS7E,ZW060427
Matabeleland South,Insiza,Insiza,Kombo Health Post,Kombo - 100734 - Clinic,Ct34hgdcaQf,ZW060428
Matabeleland South,Insiza,Insiza,Saphila RDC,Saphila - 101530 - Council Clinic(Construction),wzZvw0u6fe2,ZW060429
Matabeleland South,Insiza,Insiza,Amazon Clinic,Amazon Clinic,WX4iuiyQmwV,ZW060430
Matabeleland South,Insiza,Insiza,Mbondo,,ZW060431,ZW060431
Matabeleland South,Insiza,Insiza,Shangani Clinic,Shangani - 101556 - Mine Clinic,ohXsGJeKhB4,ZW060477
Matabeleland South,Matobo,Matobo,Natisa Rural Health Centre,Natisa - 101208 - Rural Health Centre,BT9ERqzG21A,ZW060501
Matabeleland South,Matobo,Matobo,Sankonjane Rural Health Centre,Sankonjana - 101525 - Rural Health Centre,khHSytZaECG,ZW060502
Matabeleland South,Matobo,Matobo,Homestead Rural Health Centre,Homestead - 100606 - Rural Health Centre,Zjgwzp0iPau,ZW060503
Matabeleland South,Matobo,Matobo,Beula-seula Rural Health Centre,Beula - 100064 - Rural Health Centre,TBrKYpmE8ys,ZW060504
Matabeleland South,Matobo,Matobo,Ekukhanyeni Clinic,Ekukanyeni - 100439 - Clinic,RsSbNZR2lnR,ZW060505
Matabeleland South,Matobo,Matobo,Fumugwe,Fumugwe - 100479 - Clinic,QBWN4VDaKc9,ZW060506
Matabeleland South,Matobo,Matobo,Silozwi,Silozwi Clinic,vDYNQpQFm21,ZW060507
Matabeleland South,Matobo,Matobo,Ndabankulu Clinic,Ndabankulu Clinic,JBrHjCgtk1U,ZW060508
Matabeleland South,Matobo,Matobo,Maphisa District Hospital,Maphisa - 100890 - District Hospital,qwnyqPsOoCT,ZW06050A
Matabeleland South,Matobo,Matobo,Kezi Rural Hospital,Kezi - 100732 - Rural Hospital,FDm9hBNYb99,ZW06050B
Matabeleland South,Matobo,Matobo,Matopo Rural Hospital,Matobo Rural - 100957 - Rural Hospital,f3mLKel2gIx,ZW06050C
Matabeleland South,Matobo,Matobo,Tshelanyemba Mission Hospital,Tshelanyemba - 101711 - Mission Hospital,wa7S2vIGgVg,ZW06050D
Matabeleland South,Matobo,Matobo,St Joseph's Mission Hospital,St. Joseph's - 101644 - Rural Hospital,XVUGfE4rVxG,ZW06050E
Matabeleland South,Matobo,Matobo,Mbembeswane Clinic,Mbembeswana - 100991 - Rural Health Centre,lXWXq7pvXNr,ZW060525
Matabeleland South,Matobo,Matobo,Gulati Rural Health Center,Gulati - 100540 - Rural Health Centre,kEC31WjP2wR,ZW060581
Matabeleland South,Matobo,Matobo,Matopo Mission Clinic,Matobo - 100956 - Mission Clinic,gri4bmtWbqG,ZW060591
Matabeleland South,Matobo,Matobo,Bazha Mission Clinic,Bazha - 100048 - Clinic,B5YF4fUJEVU,ZW060592
Matabeleland South,Matobo,Matobo,Masiye Clinic,Masiye Camp - 100932 - Clinic,mgxlglCseF4,ZW060593
Matabeleland South,Matobo,Matobo,Cyrene Mission Clinic,Cyrene - 100354 - Mission Clinic,jxSgfvRa1kd,ZW060594
Matabeleland South,Umzingwane,Umzingwane,Kumbudzi RHC,Kumbuzi - 100745 - Rural Health Centre,RbPl86Ek1pJ,ZW060601
Matabeleland South,Umzingwane,Umzingwane,Mbizingwe RHC,Mbizingwe - 100995 - Rural Health Centre,WRQDsk1fI1Z,ZW060602
Matabeleland South,Umzingwane,Umzingwane,Mpisini RHC,Mpisini - 101044 - Clinic,QF8O7qAp5NJ,ZW060605
Matabeleland South,Umzingwane,Umzingwane,Mzingwane RHC,Umzingwane - 101725 - Clinic,NYyR0XgxhQr,ZW060606
Matabeleland South,Umzingwane,Umzingwane,Esigodini District Hospital,Esigodini - 100456 - District Hospital,EJIkhGYlQVb,ZW06060A
Matabeleland South,Umzingwane,Umzingwane,Esibomvu Clinic,Esibobvu - 100455 - Clinic,SjvPWQ5l2gT,ZW060625
Matabeleland South,Umzingwane,Umzingwane,Habane Clinic,Habani - 100578 - Clinic,MJItwbZps26,ZW060626
Matabeleland South,Umzingwane,Umzingwane,Mawabeni Clinic,Mawabeni - 100969 - Clinic,BryKgdfmnnU,ZW060627
Matabeleland South,Umzingwane,Umzingwane,Mhlahlandlela Clinic,Mhlahlandlela - 101013 - Clinic,JfjyEPK4x5b,ZW060628
Matabeleland South,Umzingwane,Umzingwane,Nhlangano Clinic,Nhlangano - 101269 - Clinic,tN6rOnRMwmB,ZW060629
Matabeleland South,Umzingwane,Umzingwane,Nswazi Clinic,Nswazi - 101297 - Clinic,DD4GJqpcTRS,ZW060630
Matabeleland South,Umzingwane,Umzingwane,Ntshamathe Clinic,Ntshamathe - 101304 - Clinic,xKCmMnOpkq8,ZW060631
Matabeleland South,Umzingwane,Umzingwane,Irrisvale RHC,Irisvale - 100644 - Rural Health Centre,JHAlEGeE4Cl,ZW060632
Matabeleland South,Umzingwane,Umzingwane,Zimbili Clinic,Zimbili - 101911 - Clinic,cMnfYLDG3wb,ZW060634
Matabeleland South,Umzingwane,Umzingwane,Dula Clinic,Dula Clinic,B9HL312kFTS,ZW060635
Matabeleland South,Umzingwane,Umzingwane,Shale Clinic,,ZW060636,ZW060636
Matabeleland South,Umzingwane,Umzingwane,How Mine Clinic,How Mine - 100610 - Mine Clinic,e4A1s0LVXW8,ZW060676
Matabeleland South,Mangwe,Mangwe,Ingwizi Rural Health Centre,Ingwizi - 100639 - Clinic,ImEOeEnBhCe,ZW060703
Matabeleland South,Mangwe,Mangwe,Marula Clinic,Marula - 100910 - Clinic,HYNPD4P3JyV,ZW060705
Matabeleland South,Mangwe,Mangwe,Mayobodo Rural Health Centre,Mayobodo - 100972 - Rural Health Centre,RJnzhQ3jWs2,ZW060707
Matabeleland South,Mangwe,Mangwe,Bango Rural Health Centre,Bango - 100042 - Clinic,vNLrnKgUtPc,ZW060709
Matabeleland South,Mangwe,Mangwe,Plumtree District Hospital,Plumtree - 101417 - District Hospital,RFTwaeEoUqu,ZW06070A
Matabeleland South,Mangwe,Mangwe,St Annes Mission Hospital (Brunapeg),St. Annes Brunapeg - 101642 - Mission Hospital,HWtwaa3MidK,ZW06070D
Matabeleland South,Mangwe,Mangwe,Embakwe Mission Hospital,Embakwe - 100444 - Mission Hospital,csZvGNTFp2K,ZW06070E
Matabeleland South,Mangwe,Mangwe,Madabe Clinic,Madabe - 100800 - Clinic,jPcuTzdshv2,ZW060727
Matabeleland South,Mangwe,Mangwe,Tshitshi Clinic,Tshitshi - 101712 - Clinic,FjN22JqEC4D,ZW060732
Matabeleland South,Mangwe,Mangwe,Sanzukwi Clinic,SANZUKWI - 101529 - Clinic,Bk03KuutZss,ZW060733
Matabeleland South,Mangwe,Mangwe,Maninji Clinic,Maninji - 101914 - Clinic,AxbWlACKfun,ZW060734
Matabeleland South,Mangwe,Mangwe,Macingwana ,Macingwana RHC,qKa0cqfK6cB,ZW060735
Matabeleland South,Mangwe,Mangwe,Dingumuzi Clinic,Dingumuzi - 100394 - Clinic,YaLsThHfLT9,ZW060745
Matabeleland South,Mangwe,Mangwe,Empandeni Mission Clinic,Empandeni - 100445 - Clinic,JOr33aW1Qul,ZW060792
Midlands,Gokwe South,Gokwe South,Gwanyika Rural Health Centre,Gwanyika - 100562 - Rural Health Centre,cBe8uJrLNGC,ZW070301
Midlands,Gokwe South,Gokwe South,Chitapo Clinic,Chitapo - 100288 - Clinic,G3LAK7vc8u9,ZW070307
Midlands,Gokwe South,Gokwe South,Ndabambi Clinic,Ndabambi - 101209 - Clinic,XJsn6cGdf0G,ZW070309
Midlands,Gokwe South,Gokwe South,Gokwe South District Hospital,Gokwe - 100513 - District Hospital,OrydhbKFg8H,ZW07030A
Midlands,Gokwe South,Gokwe South,Kana Mission Hospital,Kana - 100699 - Mission Hospitals,qKPPhaui7JF,ZW07030C
Midlands,Gokwe South,Gokwe South,Svisvi Clinic,Svisvi - 101663 - Rural Health Centre,V3ZLerPguLB,ZW070311
Midlands,Gokwe South,Gokwe South,Zhamba Clinic,Zhamba - 101789 - Clinic,OkK9ixbSp7W,ZW070312
Midlands,Gokwe South,Gokwe South,Cheziya Clinic,Cheziya - 100162 - Clinic,g7fNiqyS7WV,ZW070313
Midlands,Gokwe South,Gokwe South,Njelele clinic,Njelele - 101272 - Clinic,vXnel4MlOIT,ZW070318
Midlands,Gokwe South,Gokwe South,Jahana,Jahana - 100652 - Clinic,zsRDbhBIGQR,ZW070319
Midlands,Gokwe South,Gokwe South,Chemahororo Clinic,Chemahororo - 100156 - Clinic,ZsERKMysaqk,ZW070325
Midlands,Gokwe South,Gokwe South,Krima Clinic,Krima - 100743 - Clinic,iIJY7AzDu3b,ZW070330
Midlands,Gokwe South,Gokwe South,Mangidi Clinic,Mangidi - 100871 - Clinic,Jt1CGWaXQsq,ZW070332
Midlands,Gokwe South,Gokwe South,Manoti Clinic,Manoti - 100874 - Clinic,fH3XHnD9BCh,ZW070333
Midlands,Gokwe South,Gokwe South,Masuka Clinic,Masuka - 100935 - Clinic,O4s37nmNxxd,ZW070334
Midlands,Gokwe South,Gokwe South,Musita Clinic,Musita - 101154 - Clinic,M8BCidxIPZM,ZW070336
Midlands,Gokwe South,Gokwe South,Nyamhunga Clinic,Nyamhunga Council Clinic,vsfNclkyyix,ZW070337
Midlands,Gokwe South,Gokwe South,Sai Clinic,Sai - 101509 - Clinic,S2bq66BaqLc,ZW070338
Midlands,Gokwe South,Gokwe South,Tongwe Clinic,Tongwe - 101697 - Clinic,w1k2xD78mUR,ZW070339
Midlands,Gokwe South,Gokwe South,Manyoni Clinic,Manyoni - 100880 - Clinic,DatBlAwahyx,ZW070393
Midlands,Gokwe South,Gokwe South,Sessame Clinic,Sesame - 101543 - Clinic,k0ZyBtS4wZT,ZW070396
Midlands,Gokwe South,Gokwe South,Huchu,Huchu - 100617 - Clinic,HOkDsYNkFWL,ZW070397
Midlands,Gweru,Gweru,Gunde Rural Health Centre,Gunde - 100545 - Clinic,VbSjaVx4t0f,ZW070401
Midlands,Gweru,Gweru,Kabanga,Kabanga - 100678 - Clinic,HY9D6A9Y6yI,ZW070402
Midlands,Gweru,Gweru,Mangwandi Rural Health Centre,Mangwande - 100872 - Clinic,XdDKGCXjiWo,ZW070403
Midlands,Gweru,Gweru,Masvori,Masvori - 100940 - Clinic,XJoYREEPF4o,ZW070404
Midlands,Gweru,Gweru,Ntabamhlope Rural Health Centre,Ntabamhlope - 101299 - Rural Health Centre,ZPOJK6AT4IP,ZW070406
Midlands,Gweru,Gweru,Gweru Provincial Hospital,Gweru - 100572 - Provincial Hospital,pQhsTO2zXMS,ZW07040A
Midlands,Gweru,Gweru,Gweru District Hospital,Gweru- 101883 -District Hospital,R0AbzHF3tB6,ZW07040B
Midlands,Gweru,Gweru,Chikwingwizha Mission Hospital,Chikwingwizha - 100203 - Mission Clinic,PTsDqlRpf06,ZW07040C
Midlands,Gweru,Gweru,ZPS Connemara Prison Clinic,Connemara - 100347 - Clinic,a8GphVKSr2H,ZW070413
Midlands,Gweru,Gweru,ZPS Whawha Prison Clinic,ZPS Whawha Prison- Clinic - DEL,zZXWPXydW2S,ZW070414
Midlands,Gweru,Gweru,Tumbire,Tumbire - 101718 - Clinic,aJhsccht7WS,ZW070422
Midlands,Gweru,Gweru,Rubi Clinic,Ruby - 101464 - Clinic,hRFRshSksyR,ZW070423
Midlands,Gweru,Gweru,Chinamasa Clinic,Chinamasa - 100217 - Clinic,TqCxTt2cnSm,ZW070424
Midlands,Gweru,Gweru,Chiwundura Clinic,Chiundura - 100309 - Clinic,UcsFwpVoOEX,ZW070425
Midlands,Gweru,Gweru,Maboleni Clinic,Maboleni - 100793 - Clinic,BiLbWhqc5wO,ZW070426
Midlands,Gweru,Gweru,Madikani Clinic,Madhikani - 100804 - Clinic,iGoaM56EbBM,ZW070427
Midlands,Gweru,Gweru,Makepesi Clinic,Makepesi - 100844 - Clinic,GCjrq7GWU3O,ZW070428
Midlands,Gweru,Gweru,Somabhula Clinic,Somabula - 101613 - Clinic,cY93Nr1gwjo,ZW070445
Midlands,Gweru,Gweru,Vungu static,Vungu - 101750 - Clinic,KMIq1ZmHSv8,ZW070446
Midlands,Gweru,Gweru,Nyama Clinic,Nyama - 101326 - Clinic,aihGnf5U3JA,ZW070447
Midlands,Gweru,Gweru,Vungu mobile,Vungu - 101751 - Mobile Clinic,UJXZfglDy6U,ZW070448
Midlands,Gweru,Gweru,Mkoba I Clinic,Mkoba 1 - 101022 - Clinic,kaTOd9MJSSE,ZW070462
Midlands,Gweru,Gweru,Mkoba PolyClinic,Mkoba Poly - 101023 - Clinic,B1ZFRN0RAMC,ZW070463
Midlands,Gweru,Gweru,Monomutapa Clinic,Monomutapa - 101034 - Clinic,aGWqGhV3ang,ZW070464
Midlands,Gweru,Gweru,Ivene,Ivene - 100649 - Clinic,ixtnyj9buiO,ZW070466
Midlands,Gweru,Gweru,Senga Clinic,Senga Poly - 101538 - Clinic,iEaTUEi6wdx,ZW070467
Midlands,Gweru,Gweru,Totonga,Totonga - 101701 - Clinic,M0WPf48urCw,ZW070468
Midlands,Gweru,Gweru,Child Welfare Clinic,Child Welfare - 100205 - Clinic,JRHi4DxHO3h,ZW070469
Midlands,Gweru,Gweru,Lower Gweru clinic,Lower Gweru - 100772 - Mission Clinic,tdC1z2GmRLr,ZW070491
Midlands,Gweru,Gweru,ST Patricks,St. Patricks - 101636 - Mission Clinic,yy7YQ1Iak4s,ZW070492
Midlands,Gweru,Gweru,Hozhori,Hozheri - 100615 - Clinic,jtWtzBZSo3X,ZW070494
Midlands,Kwekwe,Kwekwe,Dendera Rural Health Centre,Dendera - 100377 - Rural Hospital,F2rElAKbgv8,ZW070501
Midlands,Kwekwe,Kwekwe,Donsa,Donsa - 100410 - Clinic,tFiCFVJ3KLP,ZW070502
Midlands,Kwekwe,Kwekwe,Mazebe Rural Health Centre,Mazebe - 100975 - Rural Health Centre,QwFhomr6Alo,ZW070503
Midlands,Kwekwe,Kwekwe,Msilahobe Rural Health Centre,Msilahove - 101055 - Rural Hospital,s33kOOe8v54,ZW070504
Midlands,Kwekwe,Kwekwe,Nyoni Rural Health Centre,Nyoni - 101387 - Rural Health Centre,DFCkzGef5fF,ZW070505
Midlands,Kwekwe,Kwekwe,Mpinda rhc,Mpinda - 101042 - Clinic,tSdwPF3mcEX,ZW070506
Midlands,Kwekwe,Kwekwe,Mayorca,Mayoka - 100973 - Rural Health Centre,q2PCmYuFLcy,ZW070509
Midlands,Kwekwe,Kwekwe,Kwekwe General Hospital,Kwekwe - 100754 - District Hospital,nThW8r8MZtE,ZW07050A
Midlands,Kwekwe,Kwekwe,Silobela District Hospital,Silobela - 101590 - District Hospital,V9SM8e6sFIW,ZW07050B
Midlands,Kwekwe,Kwekwe,Zhombe Mission Hospital,Zhombe - 101792 - Mission Clinic,RgkNZppVRq4,ZW07050C
Midlands,Kwekwe,Kwekwe,Donjuan Clinic,Don Juan - 100404 - Clinic,k4sThzc4zIy,ZW070525
Midlands,Kwekwe,Kwekwe,Exchange Clinic,Exchange - 100457 - Clinic,NGyX8ov4BLC,ZW070526
Midlands,Kwekwe,Kwekwe,Malisa Joshepha Clinic,Malisa Josefa - 100863 - Clinic,A2VmYuwHVAw,ZW070527
Midlands,Kwekwe,Kwekwe,Malisa Zhombe Clinic,Malisa Zhambe - 100862 - Clinic,eTmhzfynWbq,ZW070528
Midlands,Kwekwe,Kwekwe,Ntabeni Clinic,Ntabeni - 101301 - Clinic,h5siIA7lQfx,ZW070529
Midlands,Kwekwe,Kwekwe,Samambwa,Samambwa - 101514 - Clinic,n8fSBgAncxp,ZW070530
Midlands,Kwekwe,Kwekwe,Senkwazi Clinic,Senkwasi - 101541 - Clinic,VZxPjFpaeGG,ZW070531
Midlands,Kwekwe,Kwekwe,Sidakeni Clinic,Sidakeni - 101579 - Clinic,fBCkowl14OR,ZW070532
Midlands,Kwekwe,Kwekwe,Silobela Jackson Clinic,Silobela-Jackson - 101871 - Clinic,rUINnsV4knE,ZW070533
Midlands,Kwekwe,Kwekwe,Simana Clinic,Simana - 101595 - Clinic,ozA3NlEUYDi,ZW070534
Midlands,Kwekwe,Kwekwe,Rio Tinto Clinic,Rio Tinto - 101455 - Mine Clinic,RIBxxUnvvQD,ZW070552
Midlands,Kwekwe,Kwekwe,Mlezu clinic,Mlezu College - 101872 - Clinic,WscRtpmKh2V,ZW070553
Midlands,Kwekwe,Kwekwe,Torwood Clinic,Torwood - 101700 - Hospital,N9VWu2Kppre,ZW070554
Midlands,Kwekwe,Kwekwe,Zrdc clinic,,ZW070557,ZW070557
Midlands,Kwekwe,Kwekwe,Redcliff Clinic,Redcliff - 101446 - Clinic,lr8nRgvCs8m,ZW070559
Midlands,Kwekwe,Kwekwe,Amaveni Clinic,Amaveni - 100008 - Clinic,IJFe4swzr4G,ZW070561
Midlands,Kwekwe,Kwekwe,Mbizo I Clinic,Mbizo 1 - 100996 - Clinic,cNMEcj2lCN3,ZW070562
Midlands,Kwekwe,Kwekwe,Mbizo II Clinic,Mbizo 2 - 100997 - Clinic,hZNgOzXAjrf,ZW070563
Midlands,Kwekwe,Kwekwe,Rutendo Clinic,Rutendo - 101487 - Clinic,nCBpV7ktT9y,ZW070564
Midlands,Kwekwe,Kwekwe,Sebakwe,Sebakwe - 101531 - Clinic,uZE16ljHypJ,ZW070565
Midlands,Kwekwe,Kwekwe,Sherwood Clinic,Sherwood - 101561 - Clinic,GicGwiouuoj,ZW070566
Midlands,Kwekwe,Kwekwe,Jena mines clinic,Jena Mine - 100658 - Mine Clinic,tmh3MNEV8eO,ZW070577
Midlands,Kwekwe,Kwekwe,Gomola,Gomola - 100516 - Clinic,yuQafsH22Bi,ZW070583
Midlands,Kwekwe,Kwekwe,Munyati clinic,Munyati - 101113 - Clinic,blbFyrowZRf,ZW070585
Midlands,Kwekwe,Kwekwe,Al Davies Clinic,Al Davies - 100004 - Clinic,tnlz7dGBqL9,ZW070586
Midlands,Kwekwe,Kwekwe,Dambridge Clinic,Dambridge - 100362 - Clinic,dMwOTm1TWlM,ZW070588
Midlands,Kwekwe,Kwekwe,Sigezibubi clinic,Sigezububi - 101583 - Clinic,nFw1qqq3OEx,ZW070589
Midlands,Mberengwa,Mberengwa,Gwarawa Rural Health Centre,Gwarava - 100565 - Rural Health Centre,l41qggZoaFK,ZW070601
Midlands,Mberengwa,Mberengwa,Mataga Rural Health Centre,Mataga - 100942 - Rural Health Centre,iTw40m40wuw,ZW070602
Midlands,Mberengwa,Mberengwa,Mavorovondo Rural Health Centre,Mavorovondo - 100968 - Rural Health Centre,yzbqtmKSajN,ZW070603
Midlands,Mberengwa,Mberengwa,Murongwe Rural Health Centre,Murongwe - 101135 - Rural Health Centre,pZIckeagBf7,ZW070604
Midlands,Mberengwa,Mberengwa,Mwanezi Rural Health Centre,Mwenezi - 101198 - Rural Health Centre,ZWwFAVck5em,ZW070605
Midlands,Mberengwa,Mberengwa,Vurasha Rural Health Centre,Vurasha - 101753 - Rural Health Centre,Ffe71rF6iVh,ZW070606
Midlands,Mberengwa,Mberengwa,Wanezi Rural Health Centre,Wanezi Rural Hospital,tDPdTZDx9V6,ZW070607
Midlands,Mberengwa,Mberengwa,Kotokwe,Kotokwe - 100739 - Clinic,sBdgbB2fR3S,ZW070608
Midlands,Mberengwa,Mberengwa,Mberengwa District Hospital,Mberengwa -101874 - District Hospital,rbE4iLAquiP,ZW07060A
Midlands,Mberengwa,Mberengwa,Jeka Rural Hospital,Jeka - 100656 - Rural Hospital,YtbICY59p63,ZW07060B
Midlands,Mberengwa,Mberengwa,Mnene Mission Hospital,Mnene Outreach,K6sG4uXiB6K,ZW07060C
Midlands,Mberengwa,Mberengwa,Masase Mission Hospital,Masase - 100918 - Mission Hospital,RXaYWmsAjhs,ZW07060D
Midlands,Mberengwa,Mberengwa,Musume Mission Hospital,Musume - 101157 - Mission Hospital,b1EmP6cfSji,ZW07060E
Midlands,Mberengwa,Mberengwa,Bonda Clinic,Bonda Clinic,yWRCzwtdVqp,ZW070625
Midlands,Mberengwa,Mberengwa,Chabwira,Chabwira - 100122 - Clinic,TdlbemyPNd1,ZW070626
Midlands,Mberengwa,Mberengwa,Chidembeko Clinic,Chedembeko - 100151 - Clinic,n7JrJFbZSSY,ZW070627
Midlands,Mberengwa,Mberengwa,Chingezi Clinic,Chingezi - 100228 - Clinic,rhEss5YJ0lt,ZW070628
Midlands,Mberengwa,Mberengwa,Makuwerere Clinic,Makuwerere - 100857 - Clinic,bAlZzNKhdBr,ZW070629
Midlands,Mberengwa,Mberengwa,Matedzi,Matedzi - 100947 - Clinic,DHlTNsaO7Yr,ZW070630
Midlands,Mberengwa,Mberengwa,Maziofa,Mazivofa - 100978 - Clinic,MQblsJGrTBd,ZW070631
Midlands,Mberengwa,Mberengwa,Imbahuru Clinic,Imbahuru - 100629 - Clinic,Ocwsmwt9N25,ZW070632
Midlands,Mberengwa,Mberengwa,Mketi Clinic,Muketi - 101094 - Clinic,sMfRb7ilqPz,ZW070633
Midlands,Mberengwa,Mberengwa,Negove Clinic,Negobe - 101219 - Clinic,Q8Btfg2jxPv,ZW070634
Midlands,Mberengwa,Mberengwa,Ingezi Clinic,Ingezi - 100637 - Clinic,soB2Lgw5gnB,ZW070635
Midlands,Mberengwa,Mberengwa,Ngungumbane Clinic,Ngungumbane - 101259 - Clinic,HQMqEmIOVzv,ZW070636
Midlands,Mberengwa,Mberengwa,Svita Clinic,Svita - 101664 - Clinic,V1UPlYfZT1D,ZW070637
Midlands,Mberengwa,Mberengwa,Mponjani Clinic,Mponjani - 101046 - Clinic,B9tfPt6kbdN,ZW070638
Midlands,Mberengwa,Mberengwa,Mposi Clinic,Mposi - 101048 - Clinic,R1CcS5Hxd1k,ZW070639
Midlands,Mberengwa,Mberengwa,Chiedza Clinic,Chiedza - 100176 - Clinic,dySKWJvcCwO,ZW070640
Midlands,Mberengwa,Mberengwa,Vutsanana,Vutsanana - 101754 - Clinic,nyYPQGMntMU,ZW070641
Midlands,Mberengwa,Mberengwa,Chaza Clinic,Chaza - 101873 - Clinic,E0ZtvGWVlYJ,ZW070642
Midlands,Mberengwa,Mberengwa,Neta Clinic,Neta Clinic,Tuja7aMuhP7,ZW070643
Midlands,Mberengwa,Mberengwa,Gaha Clinic,Gaha - 100482 - Clinic,dAuWnsrDRVU,ZW070676
Midlands,Mberengwa,Mberengwa,Sandawana Clinic,Sandawana - 101521 - Clinic,iSTR4XRC1dk,ZW070678
Midlands,Gokwe South,Gokwe South,Mateta Rural Health Centre,Mateta - 100951 - Rural Health Centre,EwHQN1F5qHJ,ZW070306
